Customer_ID,Customer_Name,Gender,Age,City,State,Customer_Segment
C00001,Meera Patel,Female,48,Kolkata,West Bengal,New Patient
C00002,Suresh Bhat,Male,18,Chennai,Tamil Nadu,Chronic Patient
C00003,Neha Verma,Female,47,Jaipur,Rajasthan,New Patient
C00004,Sameer Kapoor,Male,25,New Delhi,Delhi,New Patient
C00005,Manish Agarwal,Male,53,New Delhi,Delhi,New Patient
C00006,Nisha Mehta,Female,41,Jaipur,Rajasthan,New Patient
C00007,Rekha Reddy,Female,38,Gurugram,Haryana,New Patient
C00008,Saanvi Rao,Female,70,Kanpur,Uttar Pradesh,Regular Patient
C00009,Ira Das,Female,80,Lucknow,Uttar Pradesh,Regular Patient
C00010,Aryan Mehta,Male,21,Ahmedabad,Gujarat,Chronic Patient
C00011,Shreya Iyer,Female,38,Bengaluru,Karnataka,Chronic Patient
C00012,Shreya Shah,Female,57,New Delhi,Delhi,Regular Patient
C00013,Preeti Singh,Female,50,Jaipur,Rajasthan,Regular Patient
C00014,Diya Chauhan,Female,56,Ahmedabad,Gujarat,Chronic Patient
C00015,Arjun Ahmed,Male,42,Indore,Madhya Pradesh,Regular Patient
C00016,Kabir Chatterjee,Male,63,Chennai,Tamil Nadu,New Patient
C00017,Sneha Singh,Female,47,Bengaluru,Karnataka,Regular Patient
C00018,Siddharth Chauhan,Male,51,Hyderabad,Telangana,New Patient
C00019,Ananya Naidu,Female,26,Ahmedabad,Gujarat,Regular Patient
C00020,Tanya Mehta,Female,45,Mysuru,Karnataka,New Patient
C00021,Shreya Patel,Female,57,Jaipur,Rajasthan,Chronic Patient
C00022,Deepa Verma,Female,49,Chennai,Tamil Nadu,Chronic Patient
C00023,Vivaan Das,Male,76,Gurugram,Haryana,New Patient
C00024,Yash Banerjee,Male,46,Bengaluru,Karnataka,New Patient
C00025,Divya Das,Female,52,Chennai,Tamil Nadu,New Patient
C00026,Saanvi Mehta,Female,47,Gurugram,Haryana,Chronic Patient
C00027,Varun Mehta,Male,43,Kolkata,West Bengal,Chronic Patient
C00028,Nisha Das,Female,58,Hyderabad,Telangana,Regular Patient
C00029,Reyansh Pillai,Male,42,Bhopal,Madhya Pradesh,Premium Patient
C00030,Naveen Iyer,Male,25,Mumbai,Maharashtra,Chronic Patient
C00031,Suresh Bose,Male,69,Kochi,Kerala,New Patient
C00032,Kriti Chatterjee,Female,34,Gurugram,Haryana,Regular Patient
C00033,Preeti Sharma,Female,20,Bhubaneswar,Odisha,Premium Patient
C00034,Aisha Naidu,Female,54,Kochi,Kerala,New Patient
C00035,Riya Iyer,Female,71,Bhubaneswar,Odisha,Chronic Patient
C00036,Aarav Bhat,Male,54,Lucknow,Uttar Pradesh,New Patient
C00037,Anjali Desai,Female,66,Mumbai,Maharashtra,New Patient
C00038,Naveen Malhotra,Male,30,Chennai,Tamil Nadu,Premium Patient
C00039,Aryan Rao,Male,25,Mumbai,Maharashtra,Chronic Patient
C00040,Varun Desai,Male,38,Pune,Maharashtra,Chronic Patient
C00041,Kriti Kumar,Female,61,Vijayawada,Andhra Pradesh,Premium Patient
C00042,Ayaan Banerjee,Male,53,Chennai,Tamil Nadu,New Patient
C00043,Kavya Verma,Female,54,Nagpur,Maharashtra,Chronic Patient
C00044,Arjun Gupta,Male,46,Kanpur,Uttar Pradesh,Regular Patient
C00045,Deepa Naidu,Female,39,Indore,Madhya Pradesh,Chronic Patient
C00046,Divya Naidu,Female,47,Bhopal,Madhya Pradesh,New Patient
C00047,Aryan Bose,Male,41,Howrah,West Bengal,Regular Patient
C00048,Deepa Bhat,Female,37,Hyderabad,Telangana,Premium Patient
C00049,Tanya Chauhan,Female,50,Chennai,Tamil Nadu,Chronic Patient
C00050,Anjali Chatterjee,Female,40,Mumbai,Maharashtra,Regular Patient
C00051,Vivaan Sharma,Male,48,Coimbatore,Tamil Nadu,New Patient
C00052,Kavya Sharma,Female,18,Bengaluru,Karnataka,New Patient
C00053,Rohan Gupta,Male,47,Vijayawada,Andhra Pradesh,Chronic Patient
C00054,Ira Pillai,Female,40,Mysuru,Karnataka,Chronic Patient
C00055,Ishaan Naidu,Male,67,Kanpur,Uttar Pradesh,Chronic Patient
C00056,Yash Joshi,Male,20,Chennai,Tamil Nadu,Premium Patient
C00057,Gaurav Bose,Male,46,Kolkata,West Bengal,Chronic Patient
C00058,Karthik Singh,Male,58,Jaipur,Rajasthan,New Patient
C00059,Anil Verma,Male,42,Kolkata,West Bengal,Regular Patient
C00060,Myra Verma,Female,39,Mysuru,Karnataka,Premium Patient
C00061,Naveen Iyer,Male,58,Kanpur,Uttar Pradesh,Regular Patient
C00062,Nikhil Nair,Male,52,Vijayawada,Andhra Pradesh,New Patient
C00063,Rohan Ahmed,Male,53,Chandigarh,Punjab,New Patient
C00064,Preeti Ahmed,Female,37,Chennai,Tamil Nadu,Regular Patient
C00065,Shreya Khan,Female,36,Kochi,Kerala,New Patient
C00066,Vikram Ahmed,Male,48,Hyderabad,Telangana,New Patient
C00067,Rahul Rao,Male,59,Surat,Gujarat,Regular Patient
C00068,Ananya Das,Female,23,New Delhi,Delhi,Premium Patient
C00069,Siddharth Kaur,Male,42,Ahmedabad,Gujarat,Regular Patient
C00070,Sunita Bhat,Female,36,Indore,Madhya Pradesh,Regular Patient
C00071,Sunita Menon,Female,44,Chandigarh,Punjab,Regular Patient
C00072,Vihaan Joshi,Male,56,Coimbatore,Tamil Nadu,Regular Patient
C00073,Riya Verma,Female,31,Chennai,Tamil Nadu,New Patient
C00074,Siddharth Ahmed,Male,54,Surat,Gujarat,Regular Patient
C00075,Anjali Gupta,Female,38,Kolkata,West Bengal,New Patient
C00076,Ira Chauhan,Female,62,Indore,Madhya Pradesh,New Patient
C00077,Aisha Joshi,Female,32,Mysuru,Karnataka,Regular Patient
C00078,Aryan Gupta,Male,59,Jaipur,Rajasthan,Regular Patient
C00079,Sameer Kumar,Male,24,Bengaluru,Karnataka,Regular Patient
C00080,Sunita Kumar,Female,47,Patna,Bihar,New Patient
C00081,Suresh Malhotra,Male,54,Mumbai,Maharashtra,Regular Patient
C00082,Vikram Mishra,Male,32,Jaipur,Rajasthan,Regular Patient
C00083,Yash Iyer,Male,18,Indore,Madhya Pradesh,Regular Patient
C00084,Kabir Nair,Male,37,Indore,Madhya Pradesh,New Patient
C00085,Aisha Patel,Female,45,Chennai,Tamil Nadu,Premium Patient
C00086,Harish Naidu,Male,39,Coimbatore,Tamil Nadu,New Patient
C00087,Rekha Malhotra,Female,35,Gurugram,Haryana,Regular Patient
C00088,Shreya Shah,Female,58,New Delhi,Delhi,Chronic Patient
C00089,Aisha Nair,Female,64,Bengaluru,Karnataka,New Patient
C00090,Anil Naidu,Male,63,Mysuru,Karnataka,Premium Patient
C00091,Ishaan Agarwal,Male,51,Mysuru,Karnataka,Regular Patient
C00092,Naveen Mehta,Male,54,Hyderabad,Telangana,Chronic Patient
C00093,Siddharth Ahmed,Male,30,Bhopal,Madhya Pradesh,New Patient
C00094,Harish Mehta,Male,43,Kanpur,Uttar Pradesh,Chronic Patient
C00095,Reyansh Malhotra,Male,46,Gurugram,Haryana,Regular Patient
C00096,Pooja Naidu,Female,49,Hyderabad,Telangana,New Patient
C00097,Myra Gupta,Female,49,Surat,Gujarat,Regular Patient
C00098,Saanvi Naidu,Female,45,Mumbai,Maharashtra,Chronic Patient
C00099,Varun Nair,Male,51,Kochi,Kerala,Regular Patient
C00100,Ayaan Banerjee,Male,48,Ahmedabad,Gujarat,New Patient
C00101,Diya Banerjee,Female,48,Bengaluru,Karnataka,Premium Patient
C00102,Suresh Iyer,Male,33,Surat,Gujarat,Chronic Patient
C00103,Naveen Bose,Male,26,New Delhi,Delhi,Regular Patient
C00104,Fatima Mishra,Female,49,Surat,Gujarat,Chronic Patient
C00105,Gaurav Kaur,Male,37,Bhopal,Madhya Pradesh,New Patient
C00106,Krishna Bhat,Male,34,Mysuru,Karnataka,Regular Patient
C00107,Neha Kaur,Female,55,New Delhi,Delhi,Chronic Patient
C00108,Kavya Mehta,Female,43,Chennai,Tamil Nadu,Chronic Patient
C00109,Dhruv Ahmed,Male,66,Patna,Bihar,Chronic Patient
C00110,Ishaan Khan,Male,53,Bhubaneswar,Odisha,Regular Patient
C00111,Swati Kaur,Female,32,Mumbai,Maharashtra,Regular Patient
C00112,Radha Rao,Female,55,Chennai,Tamil Nadu,New Patient
C00113,Arjun Desai,Male,50,Jaipur,Rajasthan,New Patient
C00114,Dhruv Chauhan,Male,32,Mumbai,Maharashtra,Chronic Patient
C00115,Aanya Iyer,Female,36,Coimbatore,Tamil Nadu,Regular Patient
C00116,Nisha Mehta,Female,54,Jaipur,Rajasthan,New Patient
C00117,Ayaan Bhat,Male,18,Mumbai,Maharashtra,Regular Patient
C00118,Anjali Iyer,Female,18,Chennai,Tamil Nadu,Regular Patient
C00119,Kabir Verma,Male,47,Coimbatore,Tamil Nadu,Regular Patient
C00120,Fatima Kaur,Female,46,Coimbatore,Tamil Nadu,New Patient
C00121,Kavita Bhat,Female,48,Bengaluru,Karnataka,Chronic Patient
C00122,Ira Chauhan,Female,46,Coimbatore,Tamil Nadu,Regular Patient
C00123,Radha Ahmed,Female,51,Pune,Maharashtra,Chronic Patient
C00124,Sameer Shah,Male,64,Surat,Gujarat,Premium Patient
C00125,Sunita Shah,Female,44,Hyderabad,Telangana,Regular Patient
C00126,Radha Das,Female,22,Indore,Madhya Pradesh,New Patient
C00127,Kriti Joshi,Female,18,New Delhi,Delhi,Premium Patient
C00128,Aarav Shah,Male,39,Indore,Madhya Pradesh,Regular Patient
C00129,Yash Kapoor,Male,39,New Delhi,Delhi,Regular Patient
C00130,Pooja Chauhan,Female,24,Kochi,Kerala,Regular Patient
C00131,Pranav Kaur,Male,18,Chennai,Tamil Nadu,Regular Patient
C00132,Priya Pillai,Female,38,Indore,Madhya Pradesh,Chronic Patient
C00133,Ira Khan,Female,71,Patna,Bihar,Regular Patient
C00134,Priya Patel,Female,50,Patna,Bihar,New Patient
C00135,Diya Patel,Female,49,Mumbai,Maharashtra,New Patient
C00136,Deepa Gupta,Female,41,Chennai,Tamil Nadu,Regular Patient
C00137,Yash Rao,Male,39,Bengaluru,Karnataka,Premium Patient
C00138,Tanya Patel,Female,52,Bengaluru,Karnataka,Regular Patient
C00139,Pranav Desai,Male,26,Kanpur,Uttar Pradesh,Chronic Patient
C00140,Deepa Bose,Female,76,Patna,Bihar,Premium Patient
C00141,Rajesh Pillai,Male,27,Bhubaneswar,Odisha,Chronic Patient
C00142,Siddharth Ahmed,Male,53,Bengaluru,Karnataka,Regular Patient
C00143,Nikhil Chauhan,Male,28,Nagpur,Maharashtra,New Patient
C00144,Riya Desai,Female,46,Bengaluru,Karnataka,Regular Patient
C00145,Kavita Banerjee,Female,55,Bhopal,Madhya Pradesh,Regular Patient
C00146,Varun Chatterjee,Male,19,Chandigarh,Punjab,Chronic Patient
C00147,Divya Chatterjee,Female,29,Gurugram,Haryana,Chronic Patient
C00148,Manish Mehta,Male,30,Mumbai,Maharashtra,New Patient
C00149,Lakshmi Patel,Female,40,Gurugram,Haryana,Regular Patient
C00150,Aditya Patel,Male,48,Chennai,Tamil Nadu,New Patient
C00151,Varun Gupta,Male,72,Ahmedabad,Gujarat,Regular Patient
C00152,Rajesh Nair,Male,35,Mysuru,Karnataka,New Patient
C00153,Neha Kumar,Female,70,Mumbai,Maharashtra,New Patient
C00154,Isha Khan,Female,50,Mumbai,Maharashtra,Regular Patient
C00155,Yash Agarwal,Male,26,Jaipur,Rajasthan,Premium Patient
C00156,Yash Das,Male,42,New Delhi,Delhi,Premium Patient
C00157,Aditya Desai,Male,22,Hyderabad,Telangana,Premium Patient
C00158,Harish Bose,Male,39,Pune,Maharashtra,Premium Patient
C00159,Rekha Kapoor,Female,38,Pune,Maharashtra,Chronic Patient
C00160,Meera Bose,Female,46,Howrah,West Bengal,Regular Patient
C00161,Suresh Chauhan,Male,54,Gurugram,Haryana,Regular Patient
C00162,Swati Chatterjee,Female,43,Kochi,Kerala,Chronic Patient
C00163,Shreya Sharma,Female,28,Chennai,Tamil Nadu,Premium Patient
C00164,Radha Sharma,Female,79,Gurugram,Haryana,Regular Patient
C00165,Naveen Chatterjee,Male,66,New Delhi,Delhi,Regular Patient
C00166,Vivaan Rao,Male,73,Mumbai,Maharashtra,New Patient
C00167,Pranav Das,Male,41,Kolkata,West Bengal,Regular Patient
C00168,Karthik Mehta,Male,49,Pune,Maharashtra,Premium Patient
C00169,Kavita Naidu,Female,40,Patna,Bihar,Regular Patient
C00170,Rohan Malhotra,Male,46,Kanpur,Uttar Pradesh,Premium Patient
C00171,Vihaan Desai,Male,47,Mysuru,Karnataka,Premium Patient
C00172,Harish Sharma,Male,24,New Delhi,Delhi,New Patient
C00173,Divya Chauhan,Female,39,Chennai,Tamil Nadu,New Patient
C00174,Nikhil Agarwal,Male,60,Nagpur,Maharashtra,Premium Patient
C00175,Aryan Kapoor,Male,59,Chennai,Tamil Nadu,Regular Patient
C00176,Deepa Khan,Female,39,Gurugram,Haryana,Chronic Patient
C00177,Yash Sharma,Male,48,Chennai,Tamil Nadu,Regular Patient
C00178,Fatima Das,Female,40,Mumbai,Maharashtra,Regular Patient
C00179,Arjun Joshi,Male,54,Kochi,Kerala,Chronic Patient
C00180,Myra Agarwal,Female,19,Pune,Maharashtra,Chronic Patient
C00181,Kriti Kaur,Female,52,Chandigarh,Punjab,Chronic Patient
C00182,Gaurav Verma,Male,67,Coimbatore,Tamil Nadu,Premium Patient
C00183,Ayaan Gupta,Male,33,New Delhi,Delhi,Regular Patient
C00184,Naveen Bose,Male,65,Kanpur,Uttar Pradesh,Regular Patient
C00185,Sneha Malhotra,Female,48,Chennai,Tamil Nadu,New Patient
C00186,Saanvi Bose,Female,43,Bhubaneswar,Odisha,Regular Patient
C00187,Manish Mehta,Male,39,Bhubaneswar,Odisha,Regular Patient
C00188,Deepa Menon,Female,65,Kolkata,West Bengal,Premium Patient
C00189,Yash Mehta,Male,40,New Delhi,Delhi,Chronic Patient
C00190,Siddharth Gupta,Male,70,New Delhi,Delhi,New Patient
C00191,Vikram Chatterjee,Male,68,Ahmedabad,Gujarat,Regular Patient
C00192,Riya Sharma,Female,36,Lucknow,Uttar Pradesh,Chronic Patient
C00193,Rahul Rao,Male,41,Mumbai,Maharashtra,Regular Patient
C00194,Kabir Banerjee,Male,18,Bhopal,Madhya Pradesh,New Patient
C00195,Shreya Sharma,Female,43,Mumbai,Maharashtra,Premium Patient
C00196,Kavya Bhat,Female,45,Nagpur,Maharashtra,New Patient
C00197,Rohan Agarwal,Male,62,Kochi,Kerala,Regular Patient
C00198,Nikhil Kaur,Male,69,Bengaluru,Karnataka,Chronic Patient
C00199,Dhruv Agarwal,Male,56,Mysuru,Karnataka,Regular Patient
C00200,Ayaan Menon,Male,61,Hyderabad,Telangana,Chronic Patient
C00201,Kavita Naidu,Female,41,Patna,Bihar,Regular Patient
C00202,Kabir Shah,Male,25,Coimbatore,Tamil Nadu,Chronic Patient
C00203,Ishaan Kumar,Male,48,New Delhi,Delhi,New Patient
C00204,Vikram Agarwal,Male,62,Ahmedabad,Gujarat,Regular Patient
C00205,Rahul Mehta,Male,18,Pune,Maharashtra,New Patient
C00206,Anjali Kapoor,Female,46,Coimbatore,Tamil Nadu,Premium Patient
C00207,Ishaan Shah,Male,18,Bhubaneswar,Odisha,New Patient
C00208,Aarav Agarwal,Male,32,Chennai,Tamil Nadu,New Patient
C00209,Diya Naidu,Female,47,Lucknow,Uttar Pradesh,New Patient
C00210,Manish Ahmed,Male,69,Bengaluru,Karnataka,Premium Patient
C00211,Aanya Joshi,Female,44,Bhopal,Madhya Pradesh,New Patient
C00212,Vivaan Reddy,Male,55,Chennai,Tamil Nadu,Regular Patient
C00213,Preeti Menon,Female,48,Mumbai,Maharashtra,New Patient
C00214,Rahul Gupta,Male,33,Kolkata,West Bengal,New Patient
C00215,Saanvi Nair,Female,51,Vijayawada,Andhra Pradesh,Chronic Patient
C00216,Ira Patel,Female,25,Kolkata,West Bengal,Premium Patient
C00217,Aryan Kapoor,Male,44,Howrah,West Bengal,Chronic Patient
C00218,Anjali Das,Female,65,Bhubaneswar,Odisha,New Patient
C00219,Naveen Joshi,Male,47,Bengaluru,Karnataka,Regular Patient
C00220,Kriti Verma,Female,48,Hyderabad,Telangana,Regular Patient
C00221,Deepa Rao,Female,39,Kolkata,West Bengal,Chronic Patient
C00222,Ira Reddy,Female,20,Bhopal,Madhya Pradesh,New Patient
C00223,Krishna Sharma,Male,40,Mumbai,Maharashtra,Regular Patient
C00224,Rahul Shah,Male,58,Indore,Madhya Pradesh,Chronic Patient
C00225,Aditya Agarwal,Male,50,Mumbai,Maharashtra,Regular Patient
C00226,Kavya Mishra,Female,25,Chennai,Tamil Nadu,New Patient
C00227,Yash Chauhan,Male,18,Patna,Bihar,Chronic Patient
C00228,Myra Naidu,Female,32,Indore,Madhya Pradesh,New Patient
C00229,Kabir Khan,Male,41,Surat,Gujarat,New Patient
C00230,Gaurav Shah,Male,42,Mysuru,Karnataka,New Patient
C00231,Fatima Shah,Female,42,Pune,Maharashtra,Chronic Patient
C00232,Aditya Agarwal,Male,44,Lucknow,Uttar Pradesh,Regular Patient
C00233,Varun Menon,Male,51,Mumbai,Maharashtra,New Patient
C00234,Pranav Bose,Male,38,New Delhi,Delhi,Regular Patient
C00235,Aanya Gupta,Female,29,Ahmedabad,Gujarat,Regular Patient
C00236,Naveen Joshi,Male,53,Kanpur,Uttar Pradesh,Chronic Patient
C00237,Deepa Chauhan,Female,58,Ahmedabad,Gujarat,New Patient
C00238,Deepa Desai,Female,35,Chennai,Tamil Nadu,Regular Patient
C00239,Nikhil Mishra,Male,76,Nagpur,Maharashtra,Regular Patient
C00240,Karthik Malhotra,Male,68,Chennai,Tamil Nadu,Premium Patient
C00241,Divya Singh,Female,26,Chandigarh,Punjab,Premium Patient
C00242,Sai Ahmed,Male,18,Kolkata,West Bengal,Regular Patient
C00243,Rahul Shah,Male,41,Coimbatore,Tamil Nadu,Regular Patient
C00244,Deepa Naidu,Female,48,Kochi,Kerala,Regular Patient
C00245,Kabir Kumar,Male,76,Mumbai,Maharashtra,New Patient
C00246,Naveen Pillai,Male,75,Chennai,Tamil Nadu,Chronic Patient
C00247,Preeti Naidu,Female,55,Jaipur,Rajasthan,New Patient
C00248,Sameer Singh,Male,38,Chennai,Tamil Nadu,New Patient
C00249,Pooja Desai,Female,63,Patna,Bihar,Regular Patient
C00250,Reyansh Mishra,Male,46,Nagpur,Maharashtra,New Patient
C00251,Rahul Iyer,Male,23,Mumbai,Maharashtra,Premium Patient
C00252,Gaurav Patel,Male,24,Ahmedabad,Gujarat,Chronic Patient
C00253,Aanya Naidu,Female,38,Kanpur,Uttar Pradesh,Regular Patient
C00254,Harish Mishra,Male,60,Surat,Gujarat,New Patient
C00255,Manish Khan,Male,28,Lucknow,Uttar Pradesh,Premium Patient
C00256,Aditya Pillai,Male,38,Indore,Madhya Pradesh,Premium Patient
C00257,Divya Menon,Female,68,Pune,Maharashtra,Regular Patient
C00258,Dhruv Rao,Male,50,Bhopal,Madhya Pradesh,Regular Patient
C00259,Aisha Nair,Female,73,Gurugram,Haryana,Regular Patient
C00260,Rekha Ahmed,Female,52,Pune,Maharashtra,New Patient
C00261,Sameer Mehta,Male,60,Patna,Bihar,Premium Patient
C00262,Priya Khan,Female,38,Howrah,West Bengal,Regular Patient
C00263,Divya Ahmed,Female,69,Bhopal,Madhya Pradesh,Premium Patient
C00264,Ayaan Kumar,Male,55,Pune,Maharashtra,Regular Patient
C00265,Pooja Mishra,Female,42,Kolkata,West Bengal,Regular Patient
C00266,Rajesh Patel,Male,66,Coimbatore,Tamil Nadu,New Patient
C00267,Deepa Bose,Female,54,Hyderabad,Telangana,New Patient
C00268,Rajesh Mishra,Male,44,Gurugram,Haryana,Chronic Patient
C00269,Radha Kaur,Female,53,Bhopal,Madhya Pradesh,Regular Patient
C00270,Divya Verma,Female,30,Lucknow,Uttar Pradesh,Premium Patient
C00271,Vivaan Ahmed,Male,63,Indore,Madhya Pradesh,Premium Patient
C00272,Sai Pillai,Male,76,Bhopal,Madhya Pradesh,Chronic Patient
C00273,Saanvi Bose,Female,19,Indore,Madhya Pradesh,New Patient
C00274,Ira Menon,Female,35,Coimbatore,Tamil Nadu,Premium Patient
C00275,Kriti Agarwal,Female,34,Mumbai,Maharashtra,New Patient
C00276,Vivaan Ahmed,Male,56,Howrah,West Bengal,New Patient
C00277,Riya Malhotra,Female,47,Bengaluru,Karnataka,Regular Patient
C00278,Preeti Naidu,Female,37,Kolkata,West Bengal,Chronic Patient
C00279,Manish Chauhan,Male,40,Kochi,Kerala,New Patient
C00280,Kavita Gupta,Female,36,Nagpur,Maharashtra,Premium Patient
C00281,Manish Agarwal,Male,54,Lucknow,Uttar Pradesh,New Patient
C00282,Sunita Shah,Female,47,Bhopal,Madhya Pradesh,Regular Patient
C00283,Rekha Verma,Female,39,Patna,Bihar,New Patient
C00284,Reyansh Patel,Male,36,Lucknow,Uttar Pradesh,Regular Patient
C00285,Rekha Reddy,Female,66,Coimbatore,Tamil Nadu,Regular Patient
C00286,Naveen Das,Male,63,Mumbai,Maharashtra,New Patient
C00287,Fatima Joshi,Female,54,Kolkata,West Bengal,New Patient
C00288,Kabir Chatterjee,Male,61,Patna,Bihar,Regular Patient
C00289,Gaurav Chatterjee,Male,23,Indore,Madhya Pradesh,New Patient
C00290,Ananya Gupta,Female,28,Kochi,Kerala,Chronic Patient
C00291,Yash Shah,Male,26,New Delhi,Delhi,Regular Patient
C00292,Meera Chatterjee,Female,44,Jaipur,Rajasthan,Regular Patient
C00293,Tanya Ahmed,Female,61,Gurugram,Haryana,New Patient
C00294,Yash Singh,Male,37,Kochi,Kerala,New Patient
C00295,Priya Sharma,Female,64,Chennai,Tamil Nadu,Premium Patient
C00296,Meera Sharma,Female,35,Nagpur,Maharashtra,Chronic Patient
C00297,Kavita Verma,Female,42,Patna,Bihar,Chronic Patient
C00298,Swati Banerjee,Female,37,New Delhi,Delhi,Chronic Patient
C00299,Kavya Kapoor,Female,41,Bhubaneswar,Odisha,Chronic Patient
C00300,Isha Kapoor,Female,42,Nagpur,Maharashtra,New Patient
C00301,Vikram Chauhan,Male,18,Mumbai,Maharashtra,Chronic Patient
C00302,Myra Banerjee,Female,50,Mumbai,Maharashtra,New Patient
C00303,Rekha Chatterjee,Female,42,Chennai,Tamil Nadu,New Patient
C00304,Reyansh Gupta,Male,69,Coimbatore,Tamil Nadu,Regular Patient
C00305,Neha Reddy,Female,53,Mysuru,Karnataka,Regular Patient
C00306,Pranav Singh,Male,49,Chennai,Tamil Nadu,Chronic Patient
C00307,Swati Reddy,Female,68,Kolkata,West Bengal,Premium Patient
C00308,Rahul Kaur,Male,66,Chennai,Tamil Nadu,Chronic Patient
C00309,Gaurav Iyer,Male,70,Bengaluru,Karnataka,Chronic Patient
C00310,Vikram Patel,Male,36,Pune,Maharashtra,New Patient
C00311,Tanya Ahmed,Female,26,Mumbai,Maharashtra,Chronic Patient
C00312,Rekha Das,Female,18,Bhopal,Madhya Pradesh,Regular Patient
C00313,Nikhil Singh,Male,60,Mumbai,Maharashtra,Regular Patient
C00314,Nisha Das,Female,18,New Delhi,Delhi,Chronic Patient
C00315,Myra Chauhan,Female,47,Gurugram,Haryana,Premium Patient
C00316,Pranav Naidu,Male,58,Vijayawada,Andhra Pradesh,New Patient
C00317,Manish Gupta,Male,20,Indore,Madhya Pradesh,Regular Patient
C00318,Sunita Shah,Female,29,Vijayawada,Andhra Pradesh,Regular Patient
C00319,Diya Verma,Female,63,Kochi,Kerala,New Patient
C00320,Sai Patel,Male,52,Chennai,Tamil Nadu,Regular Patient
C00321,Pooja Singh,Female,63,Lucknow,Uttar Pradesh,New Patient
C00322,Shreya Bose,Female,48,Mumbai,Maharashtra,Chronic Patient
C00323,Aisha Bose,Female,29,New Delhi,Delhi,Chronic Patient
C00324,Kriti Bose,Female,37,Patna,Bihar,Chronic Patient
C00325,Sunita Singh,Female,59,Hyderabad,Telangana,New Patient
C00326,Rohan Ahmed,Male,19,New Delhi,Delhi,Regular Patient
C00327,Ayaan Naidu,Male,36,Howrah,West Bengal,Premium Patient
C00328,Diya Das,Female,33,Bengaluru,Karnataka,Chronic Patient
C00329,Naveen Khan,Male,43,Mumbai,Maharashtra,Premium Patient
C00330,Manish Malhotra,Male,54,Kanpur,Uttar Pradesh,Chronic Patient
C00331,Rekha Kumar,Female,62,Bengaluru,Karnataka,New Patient
C00332,Yash Rao,Male,23,Ahmedabad,Gujarat,New Patient
C00333,Ishaan Joshi,Male,30,Kolkata,West Bengal,Chronic Patient
C00334,Vivaan Desai,Male,24,Bhubaneswar,Odisha,Chronic Patient
C00335,Aarav Mehta,Male,43,Pune,Maharashtra,Premium Patient
C00336,Saanvi Naidu,Female,26,Chennai,Tamil Nadu,New Patient
C00337,Suresh Ahmed,Male,50,Gurugram,Haryana,New Patient
C00338,Gaurav Kaur,Male,28,Vijayawada,Andhra Pradesh,New Patient
C00339,Krishna Mehta,Male,65,Indore,Madhya Pradesh,Regular Patient
C00340,Sameer Iyer,Male,18,Pune,Maharashtra,Chronic Patient
C00341,Deepa Singh,Female,31,New Delhi,Delhi,Regular Patient
C00342,Anjali Patel,Female,70,Chennai,Tamil Nadu,New Patient
C00343,Rekha Mishra,Female,47,Bengaluru,Karnataka,New Patient
C00344,Pooja Malhotra,Female,36,Bengaluru,Karnataka,Regular Patient
C00345,Divya Ahmed,Female,85,Ahmedabad,Gujarat,New Patient
C00346,Rahul Agarwal,Male,39,Coimbatore,Tamil Nadu,Chronic Patient
C00347,Ira Kumar,Female,53,Pune,Maharashtra,New Patient
C00348,Meera Kapoor,Female,31,Pune,Maharashtra,New Patient
C00349,Riya Das,Female,29,Bengaluru,Karnataka,Regular Patient
C00350,Pooja Pillai,Female,54,Kolkata,West Bengal,Regular Patient
C00351,Sunita Iyer,Female,72,Surat,Gujarat,New Patient
C00352,Deepa Naidu,Female,37,Jaipur,Rajasthan,Chronic Patient
C00353,Pooja Banerjee,Female,27,Mysuru,Karnataka,New Patient
C00354,Nikhil Das,Male,60,Coimbatore,Tamil Nadu,Regular Patient
C00355,Karthik Kumar,Male,37,Mumbai,Maharashtra,New Patient
C00356,Saanvi Chauhan,Female,50,Mumbai,Maharashtra,Regular Patient
C00357,Swati Gupta,Female,36,Hyderabad,Telangana,New Patient
C00358,Anil Singh,Male,39,Indore,Madhya Pradesh,New Patient
C00359,Nisha Naidu,Female,30,Chennai,Tamil Nadu,Regular Patient
C00360,Neha Singh,Female,55,Howrah,West Bengal,Chronic Patient
C00361,Neha Ahmed,Female,50,Bhubaneswar,Odisha,Premium Patient
C00362,Priya Kapoor,Female,50,Howrah,West Bengal,New Patient
C00363,Sameer Rao,Male,33,Hyderabad,Telangana,New Patient
C00364,Naveen Iyer,Male,49,Bengaluru,Karnataka,Regular Patient
C00365,Sai Desai,Male,75,Bengaluru,Karnataka,Regular Patient
C00366,Karthik Ahmed,Male,28,Mumbai,Maharashtra,New Patient
C00367,Kriti Kapoor,Female,31,Vijayawada,Andhra Pradesh,Chronic Patient
C00368,Kriti Mishra,Female,32,Bengaluru,Karnataka,Regular Patient
C00369,Aanya Reddy,Female,46,Indore,Madhya Pradesh,Chronic Patient
C00370,Siddharth Kumar,Male,26,Jaipur,Rajasthan,Chronic Patient
C00371,Reyansh Joshi,Male,52,Lucknow,Uttar Pradesh,New Patient
C00372,Kavita Malhotra,Female,18,Kanpur,Uttar Pradesh,New Patient
C00373,Anjali Rao,Female,57,Indore,Madhya Pradesh,New Patient
C00374,Krishna Singh,Male,49,Ahmedabad,Gujarat,Regular Patient
C00375,Yash Kapoor,Male,74,Bhopal,Madhya Pradesh,Regular Patient
C00376,Krishna Desai,Male,28,Mumbai,Maharashtra,New Patient
C00377,Meera Chatterjee,Female,61,New Delhi,Delhi,Chronic Patient
C00378,Pooja Bose,Female,42,Kolkata,West Bengal,Regular Patient
C00379,Sai Singh,Male,39,New Delhi,Delhi,Chronic Patient
C00380,Suresh Joshi,Male,28,Chennai,Tamil Nadu,Regular Patient
C00381,Vihaan Patel,Male,36,New Delhi,Delhi,Chronic Patient
C00382,Aarav Rao,Male,37,Hyderabad,Telangana,Regular Patient
C00383,Reyansh Desai,Male,20,Chandigarh,Punjab,New Patient
C00384,Aarav Menon,Male,49,Bengaluru,Karnataka,Regular Patient
C00385,Tanya Naidu,Female,47,Coimbatore,Tamil Nadu,New Patient
C00386,Swati Chauhan,Female,53,Kochi,Kerala,Regular Patient
C00387,Preeti Bhat,Female,34,Chennai,Tamil Nadu,New Patient
C00388,Siddharth Gupta,Male,57,Gurugram,Haryana,New Patient
C00389,Nisha Das,Female,66,Kochi,Kerala,Regular Patient
C00390,Myra Das,Female,40,Bhubaneswar,Odisha,Regular Patient
C00391,Gaurav Kapoor,Male,29,Ahmedabad,Gujarat,Regular Patient
C00392,Ayaan Gupta,Male,45,Kochi,Kerala,Chronic Patient
C00393,Karthik Joshi,Male,44,Patna,Bihar,New Patient
C00394,Naveen Shah,Male,41,Jaipur,Rajasthan,New Patient
C00395,Deepa Reddy,Female,53,Patna,Bihar,New Patient
C00396,Sameer Pillai,Male,38,Chandigarh,Punjab,Chronic Patient
C00397,Ayaan Bhat,Male,27,Hyderabad,Telangana,Chronic Patient
C00398,Saanvi Patel,Female,46,Chennai,Tamil Nadu,Chronic Patient
C00399,Krishna Kapoor,Male,54,Bhubaneswar,Odisha,New Patient
C00400,Arjun Reddy,Male,55,Mumbai,Maharashtra,Chronic Patient
C00401,Pooja Desai,Female,37,Mumbai,Maharashtra,Chronic Patient
C00402,Radha Mishra,Female,48,Mumbai,Maharashtra,Regular Patient
C00403,Kriti Kumar,Female,66,Vijayawada,Andhra Pradesh,Chronic Patient
C00404,Saanvi Chatterjee,Female,66,Chennai,Tamil Nadu,Chronic Patient
C00405,Aditya Kaur,Male,61,Bhopal,Madhya Pradesh,Regular Patient
C00406,Sameer Gupta,Male,19,Gurugram,Haryana,New Patient
C00407,Vihaan Singh,Male,38,Surat,Gujarat,Regular Patient
C00408,Preeti Ahmed,Female,65,Indore,Madhya Pradesh,New Patient
C00409,Dhruv Chatterjee,Male,19,Nagpur,Maharashtra,Regular Patient
C00410,Kavita Banerjee,Female,43,Mumbai,Maharashtra,Premium Patient
C00411,Yash Malhotra,Male,34,New Delhi,Delhi,Premium Patient
C00412,Sameer Nair,Male,49,Bengaluru,Karnataka,Regular Patient
C00413,Rekha Banerjee,Female,18,Jaipur,Rajasthan,Regular Patient
C00414,Ira Pillai,Female,63,Mumbai,Maharashtra,Premium Patient
C00415,Sunita Chatterjee,Female,43,Mysuru,Karnataka,New Patient
C00416,Kriti Reddy,Female,26,Bengaluru,Karnataka,Regular Patient
C00417,Dhruv Bose,Male,32,Mumbai,Maharashtra,Premium Patient
C00418,Diya Kaur,Female,49,Vijayawada,Andhra Pradesh,Chronic Patient
C00419,Riya Iyer,Female,31,Lucknow,Uttar Pradesh,Regular Patient
C00420,Meera Bhat,Female,71,Chandigarh,Punjab,Regular Patient
C00421,Kriti Ahmed,Female,42,Coimbatore,Tamil Nadu,Premium Patient
C00422,Suresh Nair,Male,68,Mumbai,Maharashtra,New Patient
C00423,Lakshmi Agarwal,Female,46,New Delhi,Delhi,Regular Patient
C00424,Sunita Gupta,Female,55,Bhubaneswar,Odisha,New Patient
C00425,Gaurav Kumar,Male,54,Bhopal,Madhya Pradesh,Regular Patient
C00426,Swati Bhat,Female,36,New Delhi,Delhi,Chronic Patient
C00427,Ira Malhotra,Female,55,Mumbai,Maharashtra,Premium Patient
C00428,Aanya Singh,Female,37,Mumbai,Maharashtra,Regular Patient
C00429,Vivaan Desai,Male,18,Lucknow,Uttar Pradesh,Premium Patient
C00430,Reyansh Nair,Male,40,Hyderabad,Telangana,New Patient
C00431,Sai Pillai,Male,24,Kochi,Kerala,Chronic Patient
C00432,Aisha Pillai,Female,37,Coimbatore,Tamil Nadu,Chronic Patient
C00433,Vikram Kapoor,Male,43,Pune,Maharashtra,Regular Patient
C00434,Krishna Reddy,Male,29,Pune,Maharashtra,Regular Patient
C00435,Rekha Banerjee,Female,52,Bhubaneswar,Odisha,Chronic Patient
C00436,Karthik Singh,Male,37,Bhopal,Madhya Pradesh,Regular Patient
C00437,Pooja Kapoor,Female,24,Hyderabad,Telangana,New Patient
C00438,Nikhil Patel,Male,29,Kanpur,Uttar Pradesh,Chronic Patient
C00439,Rekha Kaur,Female,45,Bhopal,Madhya Pradesh,Regular Patient
C00440,Ayaan Chauhan,Male,40,Indore,Madhya Pradesh,Chronic Patient
C00441,Pooja Desai,Female,48,Howrah,West Bengal,Premium Patient
C00442,Sameer Bose,Male,45,Bhubaneswar,Odisha,Regular Patient
C00443,Rekha Kapoor,Female,28,Hyderabad,Telangana,Chronic Patient
C00444,Manish Menon,Male,34,Kolkata,West Bengal,New Patient
C00445,Myra Agarwal,Female,57,Pune,Maharashtra,Regular Patient
C00446,Priya Gupta,Female,30,Mysuru,Karnataka,Chronic Patient
C00447,Aisha Pillai,Female,68,Nagpur,Maharashtra,New Patient
C00448,Siddharth Patel,Male,21,Indore,Madhya Pradesh,Regular Patient
C00449,Fatima Sharma,Female,57,Kolkata,West Bengal,Premium Patient
C00450,Ayaan Patel,Male,42,Bengaluru,Karnataka,Regular Patient
C00451,Rohan Sharma,Male,28,Chennai,Tamil Nadu,New Patient
C00452,Rajesh Malhotra,Male,45,Ahmedabad,Gujarat,New Patient
C00453,Vihaan Shah,Male,31,Kochi,Kerala,New Patient
C00454,Swati Nair,Female,35,Gurugram,Haryana,Regular Patient
C00455,Kriti Sharma,Female,37,Gurugram,Haryana,Regular Patient
C00456,Isha Khan,Female,55,Mysuru,Karnataka,New Patient
C00457,Aryan Pillai,Male,33,New Delhi,Delhi,Premium Patient
C00458,Rohan Shah,Male,47,Kochi,Kerala,Chronic Patient
C00459,Manish Kaur,Male,56,Coimbatore,Tamil Nadu,New Patient
C00460,Swati Banerjee,Female,44,Indore,Madhya Pradesh,New Patient
C00461,Manish Pillai,Male,50,Gurugram,Haryana,Regular Patient
C00462,Priya Bose,Female,43,Mysuru,Karnataka,Chronic Patient
C00463,Yash Bose,Male,52,Mumbai,Maharashtra,Regular Patient
C00464,Sameer Singh,Male,24,Bhopal,Madhya Pradesh,Chronic Patient
C00465,Sameer Kaur,Male,66,Indore,Madhya Pradesh,Regular Patient
C00466,Tanya Ahmed,Female,18,Vijayawada,Andhra Pradesh,Regular Patient
C00467,Ayaan Mehta,Male,33,Chandigarh,Punjab,Chronic Patient
C00468,Ira Singh,Female,42,Hyderabad,Telangana,Regular Patient
C00469,Sai Desai,Male,18,Howrah,West Bengal,Chronic Patient
C00470,Saanvi Verma,Female,35,Mysuru,Karnataka,Chronic Patient
C00471,Manish Reddy,Male,48,Indore,Madhya Pradesh,Regular Patient
C00472,Sunita Menon,Female,69,Hyderabad,Telangana,Chronic Patient
C00473,Ira Agarwal,Female,53,Hyderabad,Telangana,Chronic Patient
C00474,Priya Rao,Female,37,New Delhi,Delhi,Regular Patient
C00475,Vihaan Kumar,Male,20,Indore,Madhya Pradesh,New Patient
C00476,Swati Naidu,Female,64,Kolkata,West Bengal,Regular Patient
C00477,Manish Rao,Male,36,Chennai,Tamil Nadu,New Patient
C00478,Vihaan Ahmed,Male,48,Vijayawada,Andhra Pradesh,Chronic Patient
C00479,Rekha Singh,Female,37,Bengaluru,Karnataka,New Patient
C00480,Nikhil Banerjee,Male,50,Mysuru,Karnataka,Regular Patient
C00481,Ananya Menon,Female,63,Chandigarh,Punjab,Regular Patient
C00482,Rekha Pillai,Female,55,Howrah,West Bengal,Regular Patient
C00483,Karthik Gupta,Male,39,Pune,Maharashtra,New Patient
C00484,Krishna Naidu,Male,65,Hyderabad,Telangana,Premium Patient
C00485,Vivaan Chauhan,Male,73,Bhubaneswar,Odisha,New Patient
C00486,Rajesh Bose,Male,59,Coimbatore,Tamil Nadu,Regular Patient
C00487,Nikhil Verma,Male,37,Kolkata,West Bengal,Regular Patient
C00488,Kriti Bose,Female,57,Coimbatore,Tamil Nadu,Premium Patient
C00489,Vihaan Gupta,Male,59,New Delhi,Delhi,Premium Patient
C00490,Anjali Kaur,Female,40,Hyderabad,Telangana,Regular Patient
C00491,Aanya Nair,Female,73,Mumbai,Maharashtra,New Patient
C00492,Pooja Verma,Female,63,New Delhi,Delhi,Chronic Patient
C00493,Manish Singh,Male,40,Surat,Gujarat,New Patient
C00494,Vihaan Kapoor,Male,37,Hyderabad,Telangana,Premium Patient
C00495,Ayaan Singh,Male,59,Bengaluru,Karnataka,Regular Patient
C00496,Reyansh Pillai,Male,78,New Delhi,Delhi,New Patient
C00497,Kabir Patel,Male,24,New Delhi,Delhi,Regular Patient
C00498,Ananya Menon,Female,51,Indore,Madhya Pradesh,New Patient
C00499,Myra Mehta,Female,56,Coimbatore,Tamil Nadu,Premium Patient
C00500,Isha Kapoor,Female,63,Bengaluru,Karnataka,Chronic Patient
C00501,Rahul Rao,Male,57,Chandigarh,Punjab,Premium Patient
C00502,Nikhil Reddy,Male,36,Bengaluru,Karnataka,Chronic Patient
C00503,Ira Kaur,Female,23,Pune,Maharashtra,Regular Patient
C00504,Riya Chauhan,Female,39,Kanpur,Uttar Pradesh,Chronic Patient
C00505,Varun Shah,Male,56,Vijayawada,Andhra Pradesh,New Patient
C00506,Sunita Agarwal,Female,34,Mumbai,Maharashtra,Chronic Patient
C00507,Rekha Singh,Female,66,Kochi,Kerala,Chronic Patient
C00508,Ishaan Kaur,Male,41,Chandigarh,Punjab,New Patient
C00509,Aarav Singh,Male,33,Ahmedabad,Gujarat,Chronic Patient
C00510,Rekha Naidu,Female,18,Vijayawada,Andhra Pradesh,Regular Patient
C00511,Arjun Shah,Male,52,Bengaluru,Karnataka,Premium Patient
C00512,Rahul Pillai,Male,40,Vijayawada,Andhra Pradesh,Chronic Patient
C00513,Yash Gupta,Male,37,Ahmedabad,Gujarat,Regular Patient
C00514,Arjun Chatterjee,Male,76,Bengaluru,Karnataka,Regular Patient
C00515,Reyansh Banerjee,Male,34,Pune,Maharashtra,Regular Patient
C00516,Nisha Reddy,Female,38,Chennai,Tamil Nadu,Regular Patient
C00517,Anjali Mishra,Female,53,Pune,Maharashtra,New Patient
C00518,Anjali Nair,Female,66,Indore,Madhya Pradesh,Chronic Patient
C00519,Siddharth Agarwal,Male,51,Jaipur,Rajasthan,New Patient
C00520,Sameer Banerjee,Male,45,New Delhi,Delhi,Premium Patient
C00521,Ishaan Malhotra,Male,78,Mumbai,Maharashtra,New Patient
C00522,Lakshmi Shah,Female,37,Mumbai,Maharashtra,New Patient
C00523,Lakshmi Reddy,Female,37,Coimbatore,Tamil Nadu,New Patient
C00524,Ananya Chauhan,Female,35,Kolkata,West Bengal,Regular Patient
C00525,Riya Khan,Female,50,Ahmedabad,Gujarat,Premium Patient
C00526,Preeti Sharma,Female,30,Bengaluru,Karnataka,New Patient
C00527,Vikram Joshi,Male,26,Chennai,Tamil Nadu,Premium Patient
C00528,Yash Bose,Male,38,Surat,Gujarat,New Patient
C00529,Aisha Malhotra,Female,19,Chennai,Tamil Nadu,New Patient
C00530,Priya Menon,Female,48,Ahmedabad,Gujarat,Chronic Patient
C00531,Dhruv Shah,Male,50,Hyderabad,Telangana,Chronic Patient
C00532,Krishna Chatterjee,Male,53,Chennai,Tamil Nadu,Chronic Patient
C00533,Vivaan Kapoor,Male,58,Mumbai,Maharashtra,Regular Patient
C00534,Vivaan Bhat,Male,39,Vijayawada,Andhra Pradesh,Chronic Patient
C00535,Tanya Nair,Female,64,Mumbai,Maharashtra,Regular Patient
C00536,Myra Kumar,Female,62,Ahmedabad,Gujarat,Regular Patient
C00537,Nikhil Patel,Male,28,Bengaluru,Karnataka,New Patient
C00538,Dhruv Ahmed,Male,43,Patna,Bihar,New Patient
C00539,Preeti Banerjee,Female,18,Mumbai,Maharashtra,New Patient
C00540,Yash Bhat,Male,64,Lucknow,Uttar Pradesh,Regular Patient
C00541,Rahul Pillai,Male,57,Howrah,West Bengal,Chronic Patient
C00542,Rahul Sharma,Male,68,Coimbatore,Tamil Nadu,Chronic Patient
C00543,Nikhil Patel,Male,21,Gurugram,Haryana,Regular Patient
C00544,Vihaan Shah,Male,51,Ahmedabad,Gujarat,Regular Patient
C00545,Manish Chauhan,Male,36,Kochi,Kerala,Premium Patient
C00546,Naveen Iyer,Male,18,Nagpur,Maharashtra,Regular Patient
C00547,Anil Singh,Male,60,Mysuru,Karnataka,Premium Patient
C00548,Tanya Verma,Female,25,Kochi,Kerala,Regular Patient
C00549,Shreya Shah,Female,49,Mumbai,Maharashtra,New Patient
C00550,Vikram Naidu,Male,35,Mumbai,Maharashtra,Regular Patient
C00551,Suresh Kapoor,Male,46,Chennai,Tamil Nadu,Premium Patient
C00552,Dhruv Singh,Male,58,New Delhi,Delhi,Premium Patient
C00553,Sneha Desai,Female,46,Vijayawada,Andhra Pradesh,Regular Patient
C00554,Dhruv Pillai,Male,82,Vijayawada,Andhra Pradesh,Regular Patient
C00555,Rajesh Kumar,Male,30,Kolkata,West Bengal,New Patient
C00556,Saanvi Kapoor,Female,76,Lucknow,Uttar Pradesh,Regular Patient
C00557,Fatima Kapoor,Female,39,Mumbai,Maharashtra,New Patient
C00558,Aryan Bhat,Male,32,Mumbai,Maharashtra,Regular Patient
C00559,Anjali Khan,Female,42,Kochi,Kerala,Regular Patient
C00560,Yash Shah,Male,21,Kolkata,West Bengal,Regular Patient
C00561,Vivaan Chauhan,Male,34,Hyderabad,Telangana,New Patient
C00562,Aditya Kaur,Male,40,Bengaluru,Karnataka,Regular Patient
C00563,Lakshmi Sharma,Female,48,Pune,Maharashtra,Chronic Patient
C00564,Lakshmi Kaur,Female,45,New Delhi,Delhi,New Patient
C00565,Kavya Bhat,Female,52,Kochi,Kerala,Regular Patient
C00566,Sameer Malhotra,Male,43,Patna,Bihar,Regular Patient
C00567,Tanya Nair,Female,61,Kochi,Kerala,Chronic Patient
C00568,Nisha Agarwal,Female,54,Hyderabad,Telangana,New Patient
C00569,Vivaan Bose,Male,50,Mysuru,Karnataka,New Patient
C00570,Karthik Pillai,Male,64,Hyderabad,Telangana,Chronic Patient
C00571,Preeti Ahmed,Female,64,Vijayawada,Andhra Pradesh,Premium Patient
C00572,Saanvi Pillai,Female,46,Coimbatore,Tamil Nadu,New Patient
C00573,Suresh Menon,Male,38,Kochi,Kerala,Regular Patient
C00574,Ananya Chatterjee,Female,47,Chennai,Tamil Nadu,Regular Patient
C00575,Sneha Chauhan,Female,42,Ahmedabad,Gujarat,Regular Patient
C00576,Lakshmi Kaur,Female,37,Pune,Maharashtra,Chronic Patient
C00577,Isha Patel,Female,46,Mysuru,Karnataka,Regular Patient
C00578,Aditya Desai,Male,50,Chennai,Tamil Nadu,Regular Patient
C00579,Rajesh Menon,Male,54,Jaipur,Rajasthan,New Patient
C00580,Siddharth Mishra,Male,67,Chennai,Tamil Nadu,Regular Patient
C00581,Myra Joshi,Female,48,New Delhi,Delhi,New Patient
C00582,Tanya Khan,Female,43,Coimbatore,Tamil Nadu,Regular Patient
C00583,Reyansh Shah,Male,59,Chandigarh,Punjab,Chronic Patient
C00584,Arjun Singh,Male,31,Bengaluru,Karnataka,Premium Patient
C00585,Kavita Menon,Female,18,Vijayawada,Andhra Pradesh,Chronic Patient
C00586,Kabir Mishra,Male,19,Kolkata,West Bengal,Chronic Patient
C00587,Myra Kapoor,Female,51,Kolkata,West Bengal,New Patient
C00588,Diya Chauhan,Female,39,Ahmedabad,Gujarat,New Patient
C00589,Kavya Verma,Female,40,Gurugram,Haryana,New Patient
C00590,Rahul Iyer,Male,31,Ahmedabad,Gujarat,Regular Patient
C00591,Shreya Mishra,Female,63,Bhubaneswar,Odisha,New Patient
C00592,Pranav Banerjee,Male,20,Bengaluru,Karnataka,Chronic Patient
C00593,Vikram Shah,Male,53,Nagpur,Maharashtra,Chronic Patient
C00594,Siddharth Desai,Male,44,Kanpur,Uttar Pradesh,Chronic Patient
C00595,Varun Bhat,Male,68,Chennai,Tamil Nadu,Regular Patient
C00596,Fatima Mishra,Female,59,Mysuru,Karnataka,Premium Patient
C00597,Krishna Mishra,Male,27,Coimbatore,Tamil Nadu,Premium Patient
C00598,Tanya Kaur,Female,54,New Delhi,Delhi,Premium Patient
C00599,Naveen Mishra,Male,51,Nagpur,Maharashtra,Premium Patient
C00600,Aditya Joshi,Male,42,Ahmedabad,Gujarat,New Patient
C00601,Riya Shah,Female,53,Kochi,Kerala,Premium Patient
C00602,Sameer Menon,Male,34,Pune,Maharashtra,Chronic Patient
C00603,Anjali Chatterjee,Female,45,Patna,Bihar,New Patient
C00604,Vivaan Reddy,Male,44,Gurugram,Haryana,Chronic Patient
C00605,Sunita Reddy,Female,31,New Delhi,Delhi,Chronic Patient
C00606,Aditya Joshi,Male,39,Howrah,West Bengal,Regular Patient
C00607,Kriti Ahmed,Female,36,Jaipur,Rajasthan,New Patient
C00608,Neha Pillai,Female,50,Mysuru,Karnataka,Regular Patient
C00609,Sai Reddy,Male,64,Kolkata,West Bengal,Regular Patient
C00610,Fatima Patel,Female,24,Bhopal,Madhya Pradesh,Regular Patient
C00611,Nikhil Desai,Male,50,Mumbai,Maharashtra,Regular Patient
C00612,Yash Bhat,Male,36,New Delhi,Delhi,Regular Patient
C00613,Sneha Agarwal,Female,58,Bengaluru,Karnataka,New Patient
C00614,Nikhil Shah,Male,50,Mysuru,Karnataka,Chronic Patient
C00615,Siddharth Banerjee,Male,20,Bhopal,Madhya Pradesh,Chronic Patient
C00616,Sunita Iyer,Female,47,Kochi,Kerala,Chronic Patient
C00617,Sneha Kapoor,Female,42,Kochi,Kerala,Premium Patient
C00618,Rahul Nair,Male,25,Mysuru,Karnataka,Premium Patient
C00619,Ayaan Bose,Male,36,Ahmedabad,Gujarat,Premium Patient
C00620,Deepa Naidu,Female,46,Nagpur,Maharashtra,Premium Patient
C00621,Deepa Patel,Female,36,Bengaluru,Karnataka,Chronic Patient
C00622,Rekha Gupta,Female,60,Bhopal,Madhya Pradesh,Regular Patient
C00623,Sneha Gupta,Female,41,Chennai,Tamil Nadu,Regular Patient
C00624,Swati Naidu,Female,35,Bengaluru,Karnataka,New Patient
C00625,Shreya Nair,Female,47,Mumbai,Maharashtra,New Patient
C00626,Nikhil Iyer,Male,49,Lucknow,Uttar Pradesh,Chronic Patient
C00627,Divya Gupta,Female,58,Mysuru,Karnataka,Chronic Patient
C00628,Diya Chatterjee,Female,45,Ahmedabad,Gujarat,Regular Patient
C00629,Yash Verma,Male,18,Kolkata,West Bengal,Regular Patient
C00630,Priya Bhat,Female,48,New Delhi,Delhi,Chronic Patient
C00631,Aarav Bhat,Male,39,Gurugram,Haryana,New Patient
C00632,Karthik Singh,Male,69,Bengaluru,Karnataka,New Patient
C00633,Diya Mishra,Female,50,Jaipur,Rajasthan,Regular Patient
C00634,Divya Verma,Female,46,Indore,Madhya Pradesh,Premium Patient
C00635,Reyansh Desai,Male,36,Ahmedabad,Gujarat,New Patient
C00636,Neha Singh,Female,61,Nagpur,Maharashtra,Chronic Patient
C00637,Preeti Mishra,Female,19,Chandigarh,Punjab,Regular Patient
C00638,Radha Chauhan,Female,47,Hyderabad,Telangana,Regular Patient
C00639,Preeti Singh,Female,18,Vijayawada,Andhra Pradesh,New Patient
C00640,Dhruv Pillai,Male,34,Mumbai,Maharashtra,Premium Patient
C00641,Harish Sharma,Male,57,New Delhi,Delhi,Premium Patient
C00642,Pooja Chauhan,Female,49,Gurugram,Haryana,Premium Patient
C00643,Tanya Khan,Female,46,Kochi,Kerala,Regular Patient
C00644,Reyansh Mehta,Male,28,Chennai,Tamil Nadu,Regular Patient
C00645,Vikram Iyer,Male,43,Nagpur,Maharashtra,Chronic Patient
C00646,Aryan Desai,Male,50,Kolkata,West Bengal,Chronic Patient
C00647,Kavya Rao,Female,58,Kolkata,West Bengal,Premium Patient
C00648,Nikhil Kapoor,Male,52,Ahmedabad,Gujarat,Regular Patient
C00649,Kavya Bhat,Female,57,Vijayawada,Andhra Pradesh,Chronic Patient
C00650,Varun Rao,Male,23,Mumbai,Maharashtra,Regular Patient
C00651,Saanvi Pillai,Female,46,Bengaluru,Karnataka,Chronic Patient
C00652,Fatima Bhat,Female,59,Gurugram,Haryana,New Patient
C00653,Deepa Chauhan,Female,18,New Delhi,Delhi,Regular Patient
C00654,Aisha Nair,Female,40,New Delhi,Delhi,New Patient
C00655,Neha Shah,Female,50,Bhubaneswar,Odisha,Regular Patient
C00656,Yash Banerjee,Male,61,New Delhi,Delhi,Regular Patient
C00657,Radha Bose,Female,45,Lucknow,Uttar Pradesh,New Patient
C00658,Sneha Malhotra,Female,44,Bengaluru,Karnataka,New Patient
C00659,Riya Agarwal,Female,48,Mumbai,Maharashtra,Chronic Patient
C00660,Dhruv Reddy,Male,50,Bhopal,Madhya Pradesh,New Patient
C00661,Preeti Patel,Female,31,New Delhi,Delhi,Regular Patient
C00662,Gaurav Chatterjee,Male,36,Kolkata,West Bengal,Chronic Patient
C00663,Neha Naidu,Female,18,Nagpur,Maharashtra,Regular Patient
C00664,Meera Rao,Female,34,Chandigarh,Punjab,Regular Patient
C00665,Nikhil Ahmed,Male,27,New Delhi,Delhi,New Patient
C00666,Harish Rao,Male,30,Pune,Maharashtra,Regular Patient
C00667,Aryan Kapoor,Male,78,Lucknow,Uttar Pradesh,Regular Patient
C00668,Gaurav Desai,Male,60,Lucknow,Uttar Pradesh,New Patient
C00669,Isha Menon,Female,28,Lucknow,Uttar Pradesh,Chronic Patient
C00670,Aditya Mishra,Male,24,Chennai,Tamil Nadu,Premium Patient
C00671,Anil Iyer,Male,35,Bengaluru,Karnataka,Premium Patient
C00672,Fatima Patel,Female,23,Pune,Maharashtra,Chronic Patient
C00673,Tanya Mishra,Female,48,New Delhi,Delhi,Chronic Patient
C00674,Aditya Das,Male,48,Mumbai,Maharashtra,Regular Patient
C00675,Aditya Mehta,Male,30,Chennai,Tamil Nadu,Chronic Patient
C00676,Nikhil Iyer,Male,54,Mumbai,Maharashtra,Premium Patient
C00677,Deepa Khan,Female,54,Kochi,Kerala,Chronic Patient
C00678,Vivaan Bose,Male,33,New Delhi,Delhi,New Patient
C00679,Anil Nair,Male,30,Mumbai,Maharashtra,Chronic Patient
C00680,Yash Joshi,Male,37,Vijayawada,Andhra Pradesh,Regular Patient
C00681,Isha Kumar,Female,52,Chandigarh,Punjab,Regular Patient
C00682,Rohan Menon,Male,76,Bhopal,Madhya Pradesh,Regular Patient
C00683,Riya Mehta,Female,52,Chennai,Tamil Nadu,Premium Patient
C00684,Kavita Malhotra,Female,26,Vijayawada,Andhra Pradesh,Regular Patient
C00685,Kavita Kaur,Female,49,New Delhi,Delhi,Regular Patient
C00686,Varun Menon,Male,45,Indore,Madhya Pradesh,New Patient
C00687,Manish Verma,Male,44,Kochi,Kerala,Premium Patient
C00688,Ira Khan,Female,24,Coimbatore,Tamil Nadu,Chronic Patient
C00689,Neha Nair,Female,49,Coimbatore,Tamil Nadu,Chronic Patient
C00690,Sunita Nair,Female,43,Ahmedabad,Gujarat,New Patient
C00691,Ayaan Verma,Male,26,Mumbai,Maharashtra,Regular Patient
C00692,Kriti Mishra,Female,71,Ahmedabad,Gujarat,Chronic Patient
C00693,Aarav Naidu,Male,24,New Delhi,Delhi,Regular Patient
C00694,Anjali Bhat,Female,51,Jaipur,Rajasthan,New Patient
C00695,Aarav Pillai,Male,41,Nagpur,Maharashtra,Premium Patient
C00696,Rekha Mishra,Female,38,Ahmedabad,Gujarat,Chronic Patient
C00697,Sameer Nair,Male,64,Bengaluru,Karnataka,Premium Patient
C00698,Kabir Khan,Male,58,Pune,Maharashtra,Regular Patient
C00699,Arjun Singh,Male,41,Gurugram,Haryana,Chronic Patient
C00700,Kavya Agarwal,Female,31,New Delhi,Delhi,Regular Patient
C00701,Naveen Gupta,Male,36,Ahmedabad,Gujarat,Chronic Patient
C00702,Deepa Verma,Female,39,Lucknow,Uttar Pradesh,Chronic Patient
C00703,Varun Menon,Male,58,Kolkata,West Bengal,Regular Patient
C00704,Krishna Gupta,Male,49,Pune,Maharashtra,New Patient
C00705,Gaurav Kumar,Male,59,Ahmedabad,Gujarat,Regular Patient
C00706,Myra Banerjee,Female,23,Hyderabad,Telangana,Chronic Patient
C00707,Isha Banerjee,Female,60,Patna,Bihar,New Patient
C00708,Divya Mehta,Female,66,Ahmedabad,Gujarat,Premium Patient
C00709,Siddharth Mehta,Male,32,Jaipur,Rajasthan,New Patient
C00710,Diya Reddy,Female,56,Patna,Bihar,Regular Patient
C00711,Isha Joshi,Female,65,Kanpur,Uttar Pradesh,Regular Patient
C00712,Harish Das,Male,35,Mumbai,Maharashtra,Chronic Patient
C00713,Nisha Patel,Female,27,Gurugram,Haryana,Regular Patient
C00714,Radha Banerjee,Female,47,Bhopal,Madhya Pradesh,Chronic Patient
C00715,Kavita Nair,Female,18,Mumbai,Maharashtra,Regular Patient
C00716,Ira Pillai,Female,60,Hyderabad,Telangana,Chronic Patient
C00717,Myra Bose,Female,30,Kochi,Kerala,Regular Patient
C00718,Aryan Desai,Male,40,Bhubaneswar,Odisha,New Patient
C00719,Deepa Kumar,Female,55,New Delhi,Delhi,Regular Patient
C00720,Nikhil Menon,Male,52,Bengaluru,Karnataka,New Patient
C00721,Dhruv Bose,Male,54,Gurugram,Haryana,Regular Patient
C00722,Dhruv Gupta,Male,32,Kanpur,Uttar Pradesh,Regular Patient
C00723,Kavya Agarwal,Female,48,Chennai,Tamil Nadu,Regular Patient
C00724,Dhruv Agarwal,Male,57,Coimbatore,Tamil Nadu,New Patient
C00725,Tanya Kumar,Female,34,Hyderabad,Telangana,New Patient
C00726,Aditya Chatterjee,Male,72,Hyderabad,Telangana,New Patient
C00727,Reyansh Gupta,Male,40,Kolkata,West Bengal,New Patient
C00728,Varun Pillai,Male,18,Chennai,Tamil Nadu,Regular Patient
C00729,Ayaan Naidu,Male,40,Ahmedabad,Gujarat,New Patient
C00730,Vivaan Ahmed,Male,64,Patna,Bihar,Regular Patient
C00731,Dhruv Desai,Male,29,Bhubaneswar,Odisha,Regular Patient
C00732,Pranav Patel,Male,28,Jaipur,Rajasthan,Premium Patient
C00733,Tanya Reddy,Female,50,Kanpur,Uttar Pradesh,New Patient
C00734,Rahul Nair,Male,27,Indore,Madhya Pradesh,Regular Patient
C00735,Karthik Shah,Male,26,Chennai,Tamil Nadu,Regular Patient
C00736,Kabir Patel,Male,31,Bhubaneswar,Odisha,New Patient
C00737,Kriti Rao,Female,69,Kolkata,West Bengal,Regular Patient
C00738,Aarav Das,Male,52,Mumbai,Maharashtra,New Patient
C00739,Gaurav Ahmed,Male,45,Kanpur,Uttar Pradesh,Chronic Patient
C00740,Harish Khan,Male,32,New Delhi,Delhi,Regular Patient
C00741,Saanvi Shah,Female,57,Coimbatore,Tamil Nadu,Premium Patient
C00742,Ishaan Menon,Male,53,Chandigarh,Punjab,Premium Patient
C00743,Vivaan Shah,Male,70,Chandigarh,Punjab,Premium Patient
C00744,Nisha Kaur,Female,29,Vijayawada,Andhra Pradesh,Chronic Patient
C00745,Harish Kaur,Male,27,Nagpur,Maharashtra,Regular Patient
C00746,Yash Rao,Male,18,New Delhi,Delhi,New Patient
C00747,Radha Desai,Female,52,Chennai,Tamil Nadu,Regular Patient
C00748,Pooja Agarwal,Female,47,New Delhi,Delhi,Premium Patient
C00749,Harish Agarwal,Male,38,Bengaluru,Karnataka,Chronic Patient
C00750,Gaurav Bose,Male,18,New Delhi,Delhi,Chronic Patient
C00751,Priya Patel,Female,66,Bengaluru,Karnataka,New Patient
C00752,Karthik Kaur,Male,47,Ahmedabad,Gujarat,New Patient
C00753,Aryan Menon,Male,63,Kolkata,West Bengal,Regular Patient
C00754,Fatima Mishra,Female,64,Chennai,Tamil Nadu,Regular Patient
C00755,Diya Kaur,Female,51,Mysuru,Karnataka,Regular Patient
C00756,Rekha Naidu,Female,54,Pune,Maharashtra,Chronic Patient
C00757,Myra Desai,Female,34,Mysuru,Karnataka,Premium Patient
C00758,Krishna Malhotra,Male,45,Chandigarh,Punjab,Chronic Patient
C00759,Lakshmi Chauhan,Female,60,Chandigarh,Punjab,Regular Patient
C00760,Riya Kaur,Female,31,New Delhi,Delhi,Premium Patient
C00761,Kabir Patel,Male,58,Chennai,Tamil Nadu,New Patient
C00762,Nisha Agarwal,Female,57,New Delhi,Delhi,Regular Patient
C00763,Tanya Chatterjee,Female,57,Surat,Gujarat,Regular Patient
C00764,Anjali Nair,Female,44,Nagpur,Maharashtra,Regular Patient
C00765,Sai Shah,Male,32,Ahmedabad,Gujarat,New Patient
C00766,Sai Khan,Male,72,Kanpur,Uttar Pradesh,Premium Patient
C00767,Priya Kumar,Female,65,Kanpur,Uttar Pradesh,New Patient
C00768,Rahul Singh,Male,45,Surat,Gujarat,New Patient
C00769,Rajesh Chatterjee,Male,47,Gurugram,Haryana,Regular Patient
C00770,Gaurav Agarwal,Male,39,Pune,Maharashtra,Regular Patient
C00771,Manish Iyer,Male,18,Chandigarh,Punjab,Chronic Patient
C00772,Kavita Patel,Female,42,Kanpur,Uttar Pradesh,New Patient
C00773,Riya Naidu,Female,52,Kolkata,West Bengal,Regular Patient
C00774,Gaurav Das,Male,35,Mysuru,Karnataka,Regular Patient
C00775,Radha Bose,Female,39,Jaipur,Rajasthan,New Patient
C00776,Pranav Rao,Male,38,Hyderabad,Telangana,Chronic Patient
C00777,Aarav Agarwal,Male,45,Lucknow,Uttar Pradesh,Regular Patient
C00778,Rajesh Kaur,Male,40,Mumbai,Maharashtra,New Patient
C00779,Rekha Ahmed,Female,30,Patna,Bihar,Regular Patient
C00780,Isha Chatterjee,Female,45,Patna,Bihar,Regular Patient
C00781,Rahul Pillai,Male,51,Bhopal,Madhya Pradesh,Chronic Patient
C00782,Tanya Kapoor,Female,47,Bhopal,Madhya Pradesh,Regular Patient
C00783,Ayaan Ahmed,Male,18,New Delhi,Delhi,New Patient
C00784,Suresh Agarwal,Male,54,Mysuru,Karnataka,New Patient
C00785,Nisha Gupta,Female,26,Bengaluru,Karnataka,Premium Patient
C00786,Kavya Shah,Female,50,Kolkata,West Bengal,Regular Patient
C00787,Reyansh Pillai,Male,51,Bhubaneswar,Odisha,Regular Patient
C00788,Yash Das,Male,20,Chandigarh,Punjab,Regular Patient
C00789,Varun Agarwal,Male,58,Kolkata,West Bengal,Regular Patient
C00790,Ananya Naidu,Female,72,New Delhi,Delhi,Premium Patient
C00791,Krishna Kumar,Male,39,Pune,Maharashtra,Regular Patient
C00792,Preeti Singh,Female,50,Chandigarh,Punjab,Regular Patient
C00793,Isha Khan,Female,36,Mumbai,Maharashtra,Regular Patient
C00794,Manish Menon,Male,26,Pune,Maharashtra,Regular Patient
C00795,Rajesh Khan,Male,59,Chennai,Tamil Nadu,Regular Patient
C00796,Yash Sharma,Male,51,Indore,Madhya Pradesh,New Patient
C00797,Diya Mehta,Female,33,Nagpur,Maharashtra,New Patient
C00798,Vikram Chatterjee,Male,26,Surat,Gujarat,Regular Patient
C00799,Divya Naidu,Female,73,Chandigarh,Punjab,Chronic Patient
C00800,Meera Desai,Female,23,Hyderabad,Telangana,Regular Patient
C00801,Shreya Khan,Female,53,Bengaluru,Karnataka,Premium Patient
C00802,Pooja Naidu,Female,46,Chennai,Tamil Nadu,Chronic Patient
C00803,Anil Khan,Male,56,New Delhi,Delhi,Regular Patient
C00804,Preeti Verma,Female,68,Chennai,Tamil Nadu,New Patient
C00805,Harish Gupta,Male,18,New Delhi,Delhi,Regular Patient
C00806,Vikram Kaur,Male,28,Bhubaneswar,Odisha,Premium Patient
C00807,Yash Agarwal,Male,42,Lucknow,Uttar Pradesh,Chronic Patient
C00808,Manish Bose,Male,69,Patna,Bihar,Chronic Patient
C00809,Ishaan Khan,Male,37,Hyderabad,Telangana,New Patient
C00810,Ayaan Naidu,Male,34,Kochi,Kerala,New Patient
C00811,Vivaan Agarwal,Male,18,Bengaluru,Karnataka,Regular Patient
C00812,Naveen Pillai,Male,33,New Delhi,Delhi,Regular Patient
C00813,Myra Nair,Female,53,Bhopal,Madhya Pradesh,Chronic Patient
C00814,Fatima Verma,Female,42,Kolkata,West Bengal,Chronic Patient
C00815,Saanvi Agarwal,Female,32,Hyderabad,Telangana,Chronic Patient
C00816,Sunita Kumar,Female,73,Mumbai,Maharashtra,New Patient
C00817,Radha Das,Female,39,Bhopal,Madhya Pradesh,Chronic Patient
C00818,Kabir Malhotra,Male,45,Bhopal,Madhya Pradesh,Regular Patient
C00819,Manish Kaur,Male,31,Kolkata,West Bengal,Regular Patient
C00820,Anjali Bhat,Female,26,Ahmedabad,Gujarat,New Patient
C00821,Ayaan Chatterjee,Male,55,Bengaluru,Karnataka,Premium Patient
C00822,Aanya Ahmed,Female,18,Mumbai,Maharashtra,Regular Patient
C00823,Kavita Chatterjee,Female,51,Nagpur,Maharashtra,Chronic Patient
C00824,Preeti Gupta,Female,18,Hyderabad,Telangana,Chronic Patient
C00825,Neha Khan,Female,49,Bhubaneswar,Odisha,Regular Patient
C00826,Harish Shah,Male,27,New Delhi,Delhi,New Patient
C00827,Yash Ahmed,Male,30,Chennai,Tamil Nadu,Regular Patient
C00828,Suresh Desai,Male,39,Nagpur,Maharashtra,Regular Patient
C00829,Gaurav Khan,Male,24,Bengaluru,Karnataka,New Patient
C00830,Naveen Reddy,Male,18,Jaipur,Rajasthan,New Patient
C00831,Karthik Rao,Male,41,New Delhi,Delhi,New Patient
C00832,Aisha Malhotra,Female,56,Bengaluru,Karnataka,Premium Patient
C00833,Pranav Mehta,Male,47,Kolkata,West Bengal,Chronic Patient
C00834,Arjun Singh,Male,61,Nagpur,Maharashtra,Regular Patient
C00835,Diya Das,Female,18,Gurugram,Haryana,Chronic Patient
C00836,Deepa Patel,Female,37,Patna,Bihar,Chronic Patient
C00837,Sai Sharma,Male,44,New Delhi,Delhi,New Patient
C00838,Yash Patel,Male,30,Coimbatore,Tamil Nadu,New Patient
C00839,Aanya Agarwal,Female,45,Mysuru,Karnataka,Regular Patient
C00840,Naveen Bose,Male,60,New Delhi,Delhi,New Patient
C00841,Kavya Das,Female,52,Kolkata,West Bengal,Regular Patient
C00842,Sai Kumar,Male,63,New Delhi,Delhi,Chronic Patient
C00843,Dhruv Desai,Male,48,Hyderabad,Telangana,Regular Patient
C00844,Lakshmi Chauhan,Female,42,Chennai,Tamil Nadu,Chronic Patient
C00845,Aarav Kapoor,Male,68,Chennai,Tamil Nadu,Regular Patient
C00846,Kavita Rao,Female,45,New Delhi,Delhi,Regular Patient
C00847,Neha Kapoor,Female,72,Lucknow,Uttar Pradesh,New Patient
C00848,Ira Banerjee,Female,58,Patna,Bihar,Chronic Patient
C00849,Yash Bhat,Male,33,Gurugram,Haryana,Chronic Patient
C00850,Vivaan Kaur,Male,40,Coimbatore,Tamil Nadu,Premium Patient
C00851,Arjun Patel,Male,68,Hyderabad,Telangana,New Patient
C00852,Kriti Shah,Female,61,New Delhi,Delhi,Regular Patient
C00853,Preeti Ahmed,Female,55,Hyderabad,Telangana,Chronic Patient
C00854,Anjali Kapoor,Female,53,Kolkata,West Bengal,Regular Patient
C00855,Aditya Malhotra,Male,23,Gurugram,Haryana,Chronic Patient
C00856,Rohan Menon,Male,26,Kochi,Kerala,Premium Patient
C00857,Manish Kapoor,Male,47,Nagpur,Maharashtra,New Patient
C00858,Aarav Singh,Male,77,Vijayawada,Andhra Pradesh,Premium Patient
C00859,Preeti Khan,Female,30,Kolkata,West Bengal,New Patient
C00860,Radha Reddy,Female,39,Indore,Madhya Pradesh,Regular Patient
C00861,Deepa Gupta,Female,38,Mumbai,Maharashtra,Premium Patient
C00862,Kabir Rao,Male,53,Indore,Madhya Pradesh,New Patient
C00863,Gaurav Das,Male,48,Ahmedabad,Gujarat,New Patient
C00864,Sameer Desai,Male,60,Bhopal,Madhya Pradesh,Chronic Patient
C00865,Arjun Malhotra,Male,48,Hyderabad,Telangana,Chronic Patient
C00866,Meera Gupta,Female,47,Gurugram,Haryana,Regular Patient
C00867,Ishaan Kaur,Male,43,Chennai,Tamil Nadu,Regular Patient
C00868,Yash Malhotra,Male,63,Ahmedabad,Gujarat,Regular Patient
C00869,Lakshmi Gupta,Female,44,Indore,Madhya Pradesh,Chronic Patient
C00870,Naveen Patel,Male,32,New Delhi,Delhi,Regular Patient
C00871,Karthik Iyer,Male,54,Coimbatore,Tamil Nadu,New Patient
C00872,Aditya Chauhan,Male,42,Chennai,Tamil Nadu,Regular Patient
C00873,Myra Sharma,Female,58,Surat,Gujarat,Chronic Patient
C00874,Ananya Menon,Female,18,Kochi,Kerala,Chronic Patient
C00875,Rekha Khan,Female,65,Hyderabad,Telangana,Regular Patient
C00876,Saanvi Bhat,Female,40,Mysuru,Karnataka,New Patient
C00877,Aisha Iyer,Female,64,Hyderabad,Telangana,New Patient
C00878,Rekha Bose,Female,58,Mumbai,Maharashtra,New Patient
C00879,Rajesh Joshi,Male,35,Bengaluru,Karnataka,New Patient
C00880,Anjali Singh,Female,30,Jaipur,Rajasthan,Regular Patient
C00881,Krishna Singh,Male,29,Hyderabad,Telangana,Chronic Patient
C00882,Pranav Joshi,Male,26,New Delhi,Delhi,Chronic Patient
C00883,Kavita Pillai,Female,62,Surat,Gujarat,New Patient
C00884,Aarav Patel,Male,41,Bengaluru,Karnataka,Chronic Patient
C00885,Siddharth Nair,Male,70,Vijayawada,Andhra Pradesh,Regular Patient
C00886,Vihaan Naidu,Male,33,Patna,Bihar,Premium Patient
C00887,Lakshmi Bose,Female,36,Mumbai,Maharashtra,Chronic Patient
C00888,Siddharth Bhat,Male,52,New Delhi,Delhi,New Patient
C00889,Yash Singh,Male,69,Surat,Gujarat,Chronic Patient
C00890,Vihaan Reddy,Male,35,New Delhi,Delhi,Chronic Patient
C00891,Vihaan Das,Male,56,Bhopal,Madhya Pradesh,Regular Patient
C00892,Aditya Desai,Male,44,Mysuru,Karnataka,Regular Patient
C00893,Shreya Chatterjee,Female,52,New Delhi,Delhi,Regular Patient
C00894,Yash Kaur,Male,31,Howrah,West Bengal,New Patient
C00895,Nikhil Singh,Male,54,Gurugram,Haryana,Chronic Patient
C00896,Deepa Desai,Female,39,Mumbai,Maharashtra,Regular Patient
C00897,Vikram Kaur,Male,37,Bhubaneswar,Odisha,Premium Patient
C00898,Karthik Sharma,Male,43,Hyderabad,Telangana,New Patient
C00899,Harish Agarwal,Male,53,Lucknow,Uttar Pradesh,Regular Patient
C00900,Aanya Desai,Female,41,Indore,Madhya Pradesh,Premium Patient
C00901,Kavita Shah,Female,37,Vijayawada,Andhra Pradesh,Chronic Patient
C00902,Rohan Bose,Male,42,Mumbai,Maharashtra,Regular Patient
C00903,Reyansh Agarwal,Male,41,Mumbai,Maharashtra,New Patient
C00904,Rohan Banerjee,Male,52,Lucknow,Uttar Pradesh,New Patient
C00905,Aisha Singh,Female,38,Hyderabad,Telangana,Regular Patient
C00906,Yash Iyer,Male,37,Surat,Gujarat,Chronic Patient
C00907,Dhruv Gupta,Male,31,Gurugram,Haryana,Chronic Patient
C00908,Radha Nair,Female,53,Surat,Gujarat,New Patient
C00909,Vivaan Mishra,Male,46,Coimbatore,Tamil Nadu,New Patient
C00910,Kavita Kumar,Female,63,Vijayawada,Andhra Pradesh,Chronic Patient
C00911,Arjun Rao,Male,60,Gurugram,Haryana,New Patient
C00912,Sai Nair,Male,47,Jaipur,Rajasthan,Chronic Patient
C00913,Vivaan Bose,Male,42,Mumbai,Maharashtra,Regular Patient
C00914,Vikram Rao,Male,44,New Delhi,Delhi,Regular Patient
C00915,Naveen Iyer,Male,34,Bengaluru,Karnataka,Regular Patient
C00916,Aditya Khan,Male,31,Chennai,Tamil Nadu,Chronic Patient
C00917,Isha Khan,Female,29,Mumbai,Maharashtra,Regular Patient
C00918,Sunita Patel,Female,41,Jaipur,Rajasthan,New Patient
C00919,Diya Chauhan,Female,18,Surat,Gujarat,Regular Patient
C00920,Krishna Sharma,Male,69,Bhopal,Madhya Pradesh,Chronic Patient
C00921,Shreya Bhat,Female,74,Gurugram,Haryana,Chronic Patient
C00922,Myra Kaur,Female,28,Bhopal,Madhya Pradesh,New Patient
C00923,Diya Khan,Female,74,New Delhi,Delhi,New Patient
C00924,Isha Khan,Female,28,Hyderabad,Telangana,New Patient
C00925,Manish Gupta,Male,44,Bhubaneswar,Odisha,Chronic Patient
C00926,Swati Gupta,Female,50,Coimbatore,Tamil Nadu,New Patient
C00927,Pranav Malhotra,Male,45,Bengaluru,Karnataka,New Patient
C00928,Pranav Ahmed,Male,35,Mumbai,Maharashtra,New Patient
C00929,Diya Chatterjee,Female,34,Kochi,Kerala,Regular Patient
C00930,Karthik Khan,Male,56,Bengaluru,Karnataka,Premium Patient
C00931,Tanya Chauhan,Female,63,Ahmedabad,Gujarat,Regular Patient
C00932,Siddharth Reddy,Male,18,Hyderabad,Telangana,Regular Patient
C00933,Reyansh Verma,Male,48,Coimbatore,Tamil Nadu,Regular Patient
C00934,Lakshmi Shah,Female,53,Indore,Madhya Pradesh,Regular Patient
C00935,Rahul Verma,Male,46,Gurugram,Haryana,Premium Patient
C00936,Karthik Rao,Male,22,Surat,Gujarat,Regular Patient
C00937,Kavya Malhotra,Female,52,Bhopal,Madhya Pradesh,Chronic Patient
C00938,Aanya Das,Female,61,Gurugram,Haryana,Regular Patient
C00939,Shreya Kaur,Female,31,Kolkata,West Bengal,Regular Patient
C00940,Sameer Kumar,Male,35,Lucknow,Uttar Pradesh,Premium Patient
C00941,Vivaan Kapoor,Male,47,Lucknow,Uttar Pradesh,New Patient
C00942,Vikram Mehta,Male,42,Chennai,Tamil Nadu,Premium Patient
C00943,Sameer Singh,Male,35,Nagpur,Maharashtra,Premium Patient
C00944,Ananya Iyer,Female,25,Pune,Maharashtra,Premium Patient
C00945,Varun Khan,Male,36,New Delhi,Delhi,New Patient
C00946,Deepa Patel,Female,18,Bengaluru,Karnataka,Chronic Patient
C00947,Tanya Singh,Female,53,Lucknow,Uttar Pradesh,Premium Patient
C00948,Ananya Reddy,Female,33,Surat,Gujarat,Premium Patient
C00949,Anil Agarwal,Male,56,Gurugram,Haryana,Regular Patient
C00950,Rajesh Agarwal,Male,40,Nagpur,Maharashtra,Regular Patient
C00951,Reyansh Joshi,Male,46,Pune,Maharashtra,Regular Patient
C00952,Rekha Banerjee,Female,19,Coimbatore,Tamil Nadu,Chronic Patient
C00953,Ananya Menon,Female,55,Mysuru,Karnataka,Regular Patient
C00954,Aryan Patel,Male,85,Hyderabad,Telangana,New Patient
C00955,Vivaan Mishra,Male,38,Mumbai,Maharashtra,Regular Patient
C00956,Riya Agarwal,Female,45,Hyderabad,Telangana,Chronic Patient
C00957,Naveen Kumar,Male,47,Lucknow,Uttar Pradesh,Chronic Patient
C00958,Rajesh Mishra,Male,24,New Delhi,Delhi,New Patient
C00959,Sameer Ahmed,Male,27,Ahmedabad,Gujarat,New Patient
C00960,Rajesh Chauhan,Male,52,Coimbatore,Tamil Nadu,New Patient
C00961,Aditya Kumar,Male,31,Pune,Maharashtra,New Patient
C00962,Karthik Kaur,Male,40,Kanpur,Uttar Pradesh,New Patient
C00963,Riya Reddy,Female,46,Kanpur,Uttar Pradesh,Regular Patient
C00964,Aisha Mishra,Female,53,Chandigarh,Punjab,Regular Patient
C00965,Radha Joshi,Female,41,Bhubaneswar,Odisha,Regular Patient
C00966,Kavita Agarwal,Female,41,Nagpur,Maharashtra,Regular Patient
C00967,Aarav Agarwal,Male,81,Hyderabad,Telangana,New Patient
C00968,Deepa Joshi,Female,59,Pune,Maharashtra,Regular Patient
C00969,Siddharth Kaur,Male,38,Chennai,Tamil Nadu,Regular Patient
C00970,Nisha Iyer,Female,41,New Delhi,Delhi,New Patient
C00971,Kavita Gupta,Female,72,Hyderabad,Telangana,New Patient
C00972,Krishna Malhotra,Male,53,Coimbatore,Tamil Nadu,Premium Patient
C00973,Sunita Chauhan,Female,61,New Delhi,Delhi,New Patient
C00974,Pooja Sharma,Female,38,Kanpur,Uttar Pradesh,Premium Patient
C00975,Arjun Singh,Male,36,Bengaluru,Karnataka,New Patient
C00976,Aarav Verma,Male,67,Kolkata,West Bengal,New Patient
C00977,Krishna Banerjee,Male,42,Howrah,West Bengal,Chronic Patient
C00978,Ayaan Naidu,Male,42,Indore,Madhya Pradesh,Premium Patient
C00979,Gaurav Ahmed,Male,37,Mumbai,Maharashtra,Chronic Patient
C00980,Kavya Reddy,Female,60,Ahmedabad,Gujarat,Chronic Patient
C00981,Vihaan Shah,Male,62,Vijayawada,Andhra Pradesh,Chronic Patient
C00982,Sai Gupta,Male,47,Howrah,West Bengal,New Patient
C00983,Krishna Bhat,Male,26,Mumbai,Maharashtra,Premium Patient
C00984,Arjun Kumar,Male,35,Howrah,West Bengal,Premium Patient
C00985,Divya Agarwal,Female,64,Howrah,West Bengal,Regular Patient
C00986,Krishna Kapoor,Male,47,Bhubaneswar,Odisha,Premium Patient
C00987,Myra Kumar,Female,60,Nagpur,Maharashtra,New Patient
C00988,Rajesh Naidu,Male,50,Indore,Madhya Pradesh,New Patient
C00989,Meera Chauhan,Female,28,New Delhi,Delhi,Chronic Patient
C00990,Vihaan Das,Male,52,Bhubaneswar,Odisha,New Patient
C00991,Saanvi Verma,Female,43,Mysuru,Karnataka,Chronic Patient
C00992,Aditya Khan,Male,35,Jaipur,Rajasthan,Regular Patient
C00993,Isha Iyer,Female,37,Coimbatore,Tamil Nadu,Regular Patient
C00994,Aditya Gupta,Male,60,Vijayawada,Andhra Pradesh,New Patient
C00995,Gaurav Das,Male,48,Coimbatore,Tamil Nadu,New Patient
C00996,Kabir Gupta,Male,46,New Delhi,Delhi,Premium Patient
C00997,Sneha Banerjee,Female,69,Pune,Maharashtra,Regular Patient
C00998,Vihaan Mehta,Male,33,Bengaluru,Karnataka,New Patient
C00999,Harish Mehta,Male,42,Bhopal,Madhya Pradesh,New Patient
C01000,Sunita Chauhan,Female,34,Mumbai,Maharashtra,New Patient
C01001,Gaurav Naidu,Male,51,New Delhi,Delhi,Chronic Patient
C01002,Rohan Naidu,Male,47,Lucknow,Uttar Pradesh,Chronic Patient
C01003,Sameer Bose,Male,38,Nagpur,Maharashtra,Regular Patient
C01004,Fatima Menon,Female,40,Lucknow,Uttar Pradesh,Chronic Patient
C01005,Priya Gupta,Female,58,Mysuru,Karnataka,New Patient
C01006,Vihaan Pillai,Male,62,Nagpur,Maharashtra,Chronic Patient
C01007,Nisha Chauhan,Female,35,Kanpur,Uttar Pradesh,Regular Patient
C01008,Deepa Chatterjee,Female,85,Kolkata,West Bengal,New Patient
C01009,Ishaan Kaur,Male,23,New Delhi,Delhi,Premium Patient
C01010,Arjun Chauhan,Male,28,Bengaluru,Karnataka,New Patient
C01011,Manish Nair,Male,39,Mumbai,Maharashtra,Premium Patient
C01012,Fatima Bhat,Female,32,New Delhi,Delhi,New Patient
C01013,Tanya Naidu,Female,30,Jaipur,Rajasthan,New Patient
C01014,Kabir Pillai,Male,62,Kanpur,Uttar Pradesh,Regular Patient
C01015,Gaurav Agarwal,Male,52,Mumbai,Maharashtra,Chronic Patient
C01016,Neha Iyer,Female,45,Kanpur,Uttar Pradesh,Regular Patient
C01017,Yash Joshi,Male,36,Nagpur,Maharashtra,New Patient
C01018,Fatima Iyer,Female,28,Ahmedabad,Gujarat,Premium Patient
C01019,Priya Ahmed,Female,28,Hyderabad,Telangana,New Patient
C01020,Neha Mehta,Female,62,Lucknow,Uttar Pradesh,Regular Patient
C01021,Aryan Menon,Male,61,Kochi,Kerala,Regular Patient
C01022,Reyansh Kapoor,Male,40,Mumbai,Maharashtra,New Patient
C01023,Diya Das,Female,22,Hyderabad,Telangana,Chronic Patient
C01024,Kavya Verma,Female,53,Gurugram,Haryana,Regular Patient
C01025,Aisha Singh,Female,40,Bengaluru,Karnataka,Premium Patient
C01026,Aditya Shah,Male,59,New Delhi,Delhi,Chronic Patient
C01027,Rajesh Chauhan,Male,27,Hyderabad,Telangana,Regular Patient
C01028,Reyansh Shah,Male,45,Mumbai,Maharashtra,Chronic Patient
C01029,Swati Kumar,Female,26,Gurugram,Haryana,Regular Patient
C01030,Manish Gupta,Male,33,Kanpur,Uttar Pradesh,Regular Patient
C01031,Harish Bose,Male,32,Hyderabad,Telangana,New Patient
C01032,Preeti Singh,Female,39,New Delhi,Delhi,Chronic Patient
C01033,Ananya Gupta,Female,63,Surat,Gujarat,Regular Patient
C01034,Reyansh Desai,Male,46,Surat,Gujarat,Regular Patient
C01035,Aanya Reddy,Female,56,Bhubaneswar,Odisha,Chronic Patient
C01036,Harish Verma,Male,45,Howrah,West Bengal,Chronic Patient
C01037,Siddharth Singh,Male,37,New Delhi,Delhi,Regular Patient
C01038,Swati Chatterjee,Female,18,Surat,Gujarat,New Patient
C01039,Sai Chauhan,Male,28,New Delhi,Delhi,Chronic Patient
C01040,Aryan Chatterjee,Male,44,Kolkata,West Bengal,Regular Patient
C01041,Yash Naidu,Male,46,Lucknow,Uttar Pradesh,Chronic Patient
C01042,Pranav Mehta,Male,59,Mysuru,Karnataka,New Patient
C01043,Priya Sharma,Female,19,Jaipur,Rajasthan,Chronic Patient
C01044,Yash Desai,Male,77,Mumbai,Maharashtra,New Patient
C01045,Lakshmi Patel,Female,18,Mysuru,Karnataka,Chronic Patient
C01046,Neha Pillai,Female,43,Gurugram,Haryana,New Patient
C01047,Vikram Chauhan,Male,34,Howrah,West Bengal,Chronic Patient
C01048,Manish Reddy,Male,28,Indore,Madhya Pradesh,Premium Patient
C01049,Meera Kapoor,Female,68,Indore,Madhya Pradesh,New Patient
C01050,Sunita Malhotra,Female,35,Bengaluru,Karnataka,Regular Patient
C01051,Naveen Singh,Male,18,Bhopal,Madhya Pradesh,Premium Patient
C01052,Aditya Chauhan,Male,24,Mumbai,Maharashtra,New Patient
C01053,Nisha Iyer,Female,61,Hyderabad,Telangana,Chronic Patient
C01054,Harish Khan,Male,25,Coimbatore,Tamil Nadu,Premium Patient
C01055,Aryan Shah,Male,21,Coimbatore,Tamil Nadu,Chronic Patient
C01056,Arjun Kumar,Male,46,Howrah,West Bengal,New Patient
C01057,Preeti Mehta,Female,39,Indore,Madhya Pradesh,Chronic Patient
C01058,Pranav Malhotra,Male,51,Jaipur,Rajasthan,Chronic Patient
C01059,Vikram Patel,Male,37,Bengaluru,Karnataka,New Patient
C01060,Rekha Kaur,Female,55,Chennai,Tamil Nadu,Chronic Patient
C01061,Radha Nair,Female,23,Mysuru,Karnataka,Chronic Patient
C01062,Priya Mehta,Female,20,Surat,Gujarat,Chronic Patient
C01063,Kavita Verma,Female,48,Bhopal,Madhya Pradesh,Regular Patient
C01064,Swati Rao,Female,39,Kolkata,West Bengal,Premium Patient
C01065,Suresh Naidu,Male,36,Mumbai,Maharashtra,Chronic Patient
C01066,Radha Singh,Female,53,Surat,Gujarat,Regular Patient
C01067,Harish Chauhan,Male,80,Patna,Bihar,Chronic Patient
C01068,Myra Menon,Female,20,Gurugram,Haryana,New Patient
C01069,Gaurav Naidu,Male,64,Pune,Maharashtra,New Patient
C01070,Radha Banerjee,Female,54,Nagpur,Maharashtra,New Patient
C01071,Ayaan Patel,Male,36,Kolkata,West Bengal,New Patient
C01072,Rekha Banerjee,Female,70,Bengaluru,Karnataka,Regular Patient
C01073,Aditya Chatterjee,Male,24,Surat,Gujarat,New Patient
C01074,Preeti Malhotra,Female,50,Nagpur,Maharashtra,Regular Patient
C01075,Ira Menon,Female,41,New Delhi,Delhi,Premium Patient
C01076,Preeti Chauhan,Female,36,Patna,Bihar,Regular Patient
C01077,Vihaan Ahmed,Male,26,Mumbai,Maharashtra,Regular Patient
C01078,Isha Kumar,Female,85,Mumbai,Maharashtra,New Patient
C01079,Siddharth Chatterjee,Male,36,Bengaluru,Karnataka,Regular Patient
C01080,Krishna Desai,Male,18,Chennai,Tamil Nadu,Chronic Patient
C01081,Krishna Kumar,Male,57,New Delhi,Delhi,Regular Patient
C01082,Meera Rao,Female,49,Bhopal,Madhya Pradesh,New Patient
C01083,Deepa Reddy,Female,39,Mumbai,Maharashtra,New Patient
C01084,Arjun Nair,Male,38,Nagpur,Maharashtra,Chronic Patient
C01085,Tanya Bose,Female,42,Mumbai,Maharashtra,Chronic Patient
C01086,Diya Naidu,Female,57,Gurugram,Haryana,Regular Patient
C01087,Aarav Banerjee,Male,49,Bhubaneswar,Odisha,Regular Patient
C01088,Ishaan Sharma,Male,52,New Delhi,Delhi,Chronic Patient
C01089,Kavya Patel,Female,51,Indore,Madhya Pradesh,Chronic Patient
C01090,Saanvi Iyer,Female,58,Kochi,Kerala,Regular Patient
C01091,Krishna Gupta,Male,63,Bengaluru,Karnataka,Regular Patient
C01092,Priya Chatterjee,Female,33,Mysuru,Karnataka,Regular Patient
C01093,Riya Bose,Female,46,Chennai,Tamil Nadu,Regular Patient
C01094,Riya Banerjee,Female,18,Gurugram,Haryana,Premium Patient
C01095,Krishna Mishra,Male,62,Indore,Madhya Pradesh,Chronic Patient
C01096,Kavya Patel,Female,33,Coimbatore,Tamil Nadu,Regular Patient
C01097,Kavita Sharma,Female,66,Bhubaneswar,Odisha,New Patient
C01098,Sneha Agarwal,Female,33,Chandigarh,Punjab,New Patient
C01099,Aisha Malhotra,Female,49,Chennai,Tamil Nadu,New Patient
C01100,Vihaan Kapoor,Male,39,Ahmedabad,Gujarat,Regular Patient
C01101,Lakshmi Khan,Female,37,Kochi,Kerala,Chronic Patient
C01102,Karthik Chatterjee,Male,51,Ahmedabad,Gujarat,Chronic Patient
C01103,Rahul Agarwal,Male,63,Mumbai,Maharashtra,Regular Patient
C01104,Manish Sharma,Male,39,Pune,Maharashtra,Chronic Patient
C01105,Suresh Pillai,Male,64,Jaipur,Rajasthan,Chronic Patient
C01106,Reyansh Bose,Male,32,Ahmedabad,Gujarat,Regular Patient
C01107,Kavita Kapoor,Female,63,New Delhi,Delhi,New Patient
C01108,Sai Menon,Male,45,Kolkata,West Bengal,New Patient
C01109,Kabir Khan,Male,48,Bengaluru,Karnataka,New Patient
C01110,Sunita Bose,Female,26,Mysuru,Karnataka,New Patient
C01111,Rahul Mishra,Male,36,Pune,Maharashtra,New Patient
C01112,Vivaan Patel,Male,43,Lucknow,Uttar Pradesh,Premium Patient
C01113,Siddharth Iyer,Male,61,Lucknow,Uttar Pradesh,Chronic Patient
C01114,Saanvi Gupta,Female,40,Mumbai,Maharashtra,Chronic Patient
C01115,Kavita Iyer,Female,31,Kochi,Kerala,New Patient
C01116,Pooja Shah,Female,47,Vijayawada,Andhra Pradesh,Chronic Patient
C01117,Harish Reddy,Male,75,New Delhi,Delhi,New Patient
C01118,Sneha Kaur,Female,49,Coimbatore,Tamil Nadu,Chronic Patient
C01119,Myra Iyer,Female,40,Bengaluru,Karnataka,Regular Patient
C01120,Aanya Ahmed,Female,47,Kolkata,West Bengal,Premium Patient
C01121,Vivaan Singh,Male,30,Bhubaneswar,Odisha,Chronic Patient
C01122,Meera Banerjee,Female,67,Pune,Maharashtra,Premium Patient
C01123,Riya Reddy,Female,66,New Delhi,Delhi,Regular Patient
C01124,Nikhil Mehta,Male,29,Jaipur,Rajasthan,Regular Patient
C01125,Divya Kaur,Female,66,Mysuru,Karnataka,Chronic Patient
C01126,Krishna Iyer,Male,47,Ahmedabad,Gujarat,Premium Patient
C01127,Naveen Reddy,Male,54,Chandigarh,Punjab,Chronic Patient
C01128,Rahul Kaur,Male,43,Kanpur,Uttar Pradesh,Premium Patient
C01129,Kriti Das,Female,45,Kolkata,West Bengal,Regular Patient
C01130,Preeti Chauhan,Female,34,Bhubaneswar,Odisha,Regular Patient
C01131,Aisha Nair,Female,30,Coimbatore,Tamil Nadu,Chronic Patient
C01132,Pranav Bose,Male,29,New Delhi,Delhi,Regular Patient
C01133,Manish Kumar,Male,61,Bhopal,Madhya Pradesh,New Patient
C01134,Sameer Desai,Male,46,Bengaluru,Karnataka,Chronic Patient
C01135,Kavya Chauhan,Female,30,Bhubaneswar,Odisha,Chronic Patient
C01136,Sunita Agarwal,Female,45,Coimbatore,Tamil Nadu,Regular Patient
C01137,Kavita Patel,Female,18,Kolkata,West Bengal,Regular Patient
C01138,Manish Das,Male,30,Bengaluru,Karnataka,Chronic Patient
C01139,Pranav Kapoor,Male,63,Bhopal,Madhya Pradesh,Chronic Patient
C01140,Krishna Pillai,Male,35,Bengaluru,Karnataka,Chronic Patient
C01141,Preeti Reddy,Female,61,Mumbai,Maharashtra,Chronic Patient
C01142,Rohan Kumar,Male,42,Patna,Bihar,Regular Patient
C01143,Kavya Naidu,Female,54,Ahmedabad,Gujarat,New Patient
C01144,Kavya Gupta,Female,26,Hyderabad,Telangana,Regular Patient
C01145,Nikhil Gupta,Male,52,Bhopal,Madhya Pradesh,Chronic Patient
C01146,Myra Menon,Female,18,New Delhi,Delhi,Regular Patient
C01147,Tanya Bose,Female,37,New Delhi,Delhi,New Patient
C01148,Harish Gupta,Male,64,Chandigarh,Punjab,Regular Patient
C01149,Lakshmi Shah,Female,44,Mumbai,Maharashtra,Premium Patient
C01150,Lakshmi Chauhan,Female,29,Chennai,Tamil Nadu,Regular Patient
C01151,Harish Verma,Male,62,Coimbatore,Tamil Nadu,Regular Patient
C01152,Riya Naidu,Female,77,Coimbatore,Tamil Nadu,Chronic Patient
C01153,Sunita Chauhan,Female,40,Gurugram,Haryana,Regular Patient
C01154,Sai Desai,Male,19,Indore,Madhya Pradesh,Regular Patient
C01155,Sneha Khan,Female,44,Hyderabad,Telangana,New Patient
C01156,Shreya Pillai,Female,55,Kochi,Kerala,Chronic Patient
C01157,Pranav Reddy,Male,40,Gurugram,Haryana,New Patient
C01158,Anil Bhat,Male,18,Jaipur,Rajasthan,Chronic Patient
C01159,Ishaan Rao,Male,54,Bengaluru,Karnataka,New Patient
C01160,Ishaan Chatterjee,Male,32,Mumbai,Maharashtra,Chronic Patient
C01161,Riya Iyer,Female,37,Bhubaneswar,Odisha,New Patient
C01162,Lakshmi Khan,Female,20,Indore,Madhya Pradesh,New Patient
C01163,Aisha Chatterjee,Female,18,Hyderabad,Telangana,New Patient
C01164,Sameer Nair,Male,26,New Delhi,Delhi,Regular Patient
C01165,Kavita Verma,Female,35,Kolkata,West Bengal,New Patient
C01166,Nisha Menon,Female,35,Kolkata,West Bengal,Regular Patient
C01167,Fatima Reddy,Female,68,New Delhi,Delhi,Chronic Patient
C01168,Swati Nair,Female,27,Coimbatore,Tamil Nadu,New Patient
C01169,Aryan Banerjee,Male,59,Mysuru,Karnataka,Chronic Patient
C01170,Karthik Kapoor,Male,46,Pune,Maharashtra,Premium Patient
C01171,Meera Das,Female,70,Pune,Maharashtra,Chronic Patient
C01172,Pooja Kaur,Female,42,Coimbatore,Tamil Nadu,Premium Patient
C01173,Rajesh Banerjee,Male,18,Indore,Madhya Pradesh,Regular Patient
C01174,Sunita Naidu,Female,41,Ahmedabad,Gujarat,Regular Patient
C01175,Fatima Naidu,Female,18,Howrah,West Bengal,Chronic Patient
C01176,Kriti Agarwal,Female,25,Mumbai,Maharashtra,New Patient
C01177,Suresh Nair,Male,41,Nagpur,Maharashtra,Regular Patient
C01178,Ananya Pillai,Female,42,Jaipur,Rajasthan,Chronic Patient
C01179,Sunita Iyer,Female,58,Chandigarh,Punjab,Chronic Patient
C01180,Nisha Joshi,Female,50,Kolkata,West Bengal,Regular Patient
C01181,Radha Bhat,Female,68,Howrah,West Bengal,Chronic Patient
C01182,Aisha Ahmed,Female,58,Kolkata,West Bengal,Regular Patient
C01183,Sai Sharma,Male,56,Jaipur,Rajasthan,New Patient
C01184,Vihaan Rao,Male,76,Ahmedabad,Gujarat,New Patient
C01185,Aditya Chauhan,Male,58,Hyderabad,Telangana,Chronic Patient
C01186,Rajesh Kaur,Male,65,Lucknow,Uttar Pradesh,Chronic Patient
C01187,Vihaan Singh,Male,18,Mumbai,Maharashtra,Chronic Patient
C01188,Preeti Chauhan,Female,39,Hyderabad,Telangana,New Patient
C01189,Kavita Malhotra,Female,50,Chennai,Tamil Nadu,Chronic Patient
C01190,Rekha Kaur,Female,45,Chennai,Tamil Nadu,New Patient
C01191,Radha Verma,Female,32,Ahmedabad,Gujarat,Regular Patient
C01192,Rekha Chauhan,Female,56,Lucknow,Uttar Pradesh,Regular Patient
C01193,Aarav Bhat,Male,60,Kolkata,West Bengal,Regular Patient
C01194,Vikram Ahmed,Male,42,Bengaluru,Karnataka,Chronic Patient
C01195,Fatima Malhotra,Female,39,Gurugram,Haryana,Chronic Patient
C01196,Deepa Joshi,Female,36,Hyderabad,Telangana,Chronic Patient
C01197,Deepa Bhat,Female,57,Kolkata,West Bengal,Regular Patient
C01198,Ananya Chauhan,Female,39,Mysuru,Karnataka,Regular Patient
C01199,Anil Pillai,Male,44,Kochi,Kerala,Premium Patient
C01200,Kabir Naidu,Male,63,New Delhi,Delhi,New Patient
C01201,Naveen Mehta,Male,48,Bengaluru,Karnataka,New Patient
C01202,Siddharth Nair,Male,44,Kochi,Kerala,Regular Patient
C01203,Aryan Verma,Male,34,Chandigarh,Punjab,Premium Patient
C01204,Swati Chauhan,Female,43,Nagpur,Maharashtra,Chronic Patient
C01205,Varun Singh,Male,32,Gurugram,Haryana,Chronic Patient
C01206,Sameer Patel,Male,47,Bengaluru,Karnataka,Chronic Patient
C01207,Rekha Pillai,Female,36,Gurugram,Haryana,Regular Patient
C01208,Dhruv Gupta,Male,38,Lucknow,Uttar Pradesh,Regular Patient
C01209,Suresh Kumar,Male,43,Kolkata,West Bengal,Premium Patient
C01210,Vikram Kapoor,Male,71,Pune,Maharashtra,Regular Patient
C01211,Swati Desai,Female,18,Vijayawada,Andhra Pradesh,Premium Patient
C01212,Radha Singh,Female,49,Kochi,Kerala,New Patient
C01213,Aryan Mishra,Male,26,Kochi,Kerala,Premium Patient
C01214,Radha Banerjee,Female,39,Pune,Maharashtra,Premium Patient
C01215,Sai Das,Male,35,Hyderabad,Telangana,Premium Patient
C01216,Aarav Mishra,Male,34,Kochi,Kerala,Chronic Patient
C01217,Anjali Kaur,Female,35,Kolkata,West Bengal,Chronic Patient
C01218,Aditya Banerjee,Male,39,Chandigarh,Punjab,Regular Patient
C01219,Ira Iyer,Female,32,Gurugram,Haryana,Regular Patient
C01220,Varun Naidu,Male,33,Gurugram,Haryana,Premium Patient
C01221,Suresh Malhotra,Male,35,Chennai,Tamil Nadu,New Patient
C01222,Neha Khan,Female,34,Mysuru,Karnataka,Chronic Patient
C01223,Rajesh Banerjee,Male,30,Bhubaneswar,Odisha,Regular Patient
C01224,Lakshmi Khan,Female,53,Bhopal,Madhya Pradesh,Chronic Patient
C01225,Saanvi Sharma,Female,37,Jaipur,Rajasthan,Chronic Patient
C01226,Arjun Gupta,Male,40,Jaipur,Rajasthan,Regular Patient
C01227,Varun Gupta,Male,39,Vijayawada,Andhra Pradesh,Chronic Patient
C01228,Meera Bose,Female,33,Jaipur,Rajasthan,New Patient
C01229,Karthik Kumar,Male,30,Mumbai,Maharashtra,Chronic Patient
C01230,Varun Sharma,Male,55,Bengaluru,Karnataka,Chronic Patient
C01231,Deepa Bhat,Female,30,New Delhi,Delhi,Regular Patient
C01232,Ira Singh,Female,31,Ahmedabad,Gujarat,Chronic Patient
C01233,Rekha Chauhan,Female,59,New Delhi,Delhi,New Patient
C01234,Vikram Mishra,Male,35,Kolkata,West Bengal,New Patient
C01235,Suresh Sharma,Male,43,Mumbai,Maharashtra,Regular Patient
C01236,Reyansh Bhat,Male,38,Vijayawada,Andhra Pradesh,Regular Patient
C01237,Varun Shah,Male,43,Pune,Maharashtra,Chronic Patient
C01238,Radha Banerjee,Female,67,Ahmedabad,Gujarat,New Patient
C01239,Kavita Malhotra,Female,32,Hyderabad,Telangana,Chronic Patient
C01240,Varun Ahmed,Male,53,Bhopal,Madhya Pradesh,Premium Patient
C01241,Aanya Joshi,Female,55,Indore,Madhya Pradesh,New Patient
C01242,Ira Shah,Female,53,Gurugram,Haryana,Regular Patient
C01243,Anil Singh,Male,66,Kochi,Kerala,Chronic Patient
C01244,Naveen Pillai,Male,18,Lucknow,Uttar Pradesh,Premium Patient
C01245,Aryan Khan,Male,22,Bengaluru,Karnataka,New Patient
C01246,Suresh Kaur,Male,29,New Delhi,Delhi,New Patient
C01247,Deepa Mishra,Female,36,Kanpur,Uttar Pradesh,New Patient
C01248,Lakshmi Naidu,Female,47,Lucknow,Uttar Pradesh,Regular Patient
C01249,Kabir Iyer,Male,30,Surat,Gujarat,Chronic Patient
C01250,Vivaan Singh,Male,30,Chandigarh,Punjab,Regular Patient
C01251,Sai Shah,Male,45,Bhubaneswar,Odisha,Chronic Patient
C01252,Riya Menon,Female,51,Bhopal,Madhya Pradesh,Premium Patient
C01253,Aditya Agarwal,Male,43,Kochi,Kerala,Regular Patient
C01254,Sneha Kaur,Female,52,Pune,Maharashtra,Regular Patient
C01255,Aarav Kumar,Male,19,Bengaluru,Karnataka,Regular Patient
C01256,Anil Malhotra,Male,32,Pune,Maharashtra,New Patient
C01257,Reyansh Chauhan,Male,29,Ahmedabad,Gujarat,Chronic Patient
C01258,Pooja Chatterjee,Female,35,Bengaluru,Karnataka,Chronic Patient
C01259,Varun Iyer,Male,42,Jaipur,Rajasthan,Regular Patient
C01260,Harish Mehta,Male,18,Pune,Maharashtra,Regular Patient
C01261,Shreya Rao,Female,35,Vijayawada,Andhra Pradesh,New Patient
C01262,Arjun Bhat,Male,32,Chennai,Tamil Nadu,Premium Patient
C01263,Sameer Malhotra,Male,21,Kolkata,West Bengal,New Patient
C01264,Dhruv Desai,Male,52,Mumbai,Maharashtra,Regular Patient
C01265,Shreya Mehta,Female,43,Chennai,Tamil Nadu,Premium Patient
C01266,Divya Malhotra,Female,35,Pune,Maharashtra,Premium Patient
C01267,Kavya Banerjee,Female,70,Gurugram,Haryana,Regular Patient
C01268,Priya Nair,Female,22,Bhopal,Madhya Pradesh,Chronic Patient
C01269,Dhruv Singh,Male,71,Pune,Maharashtra,Regular Patient
C01270,Naveen Kaur,Male,39,Howrah,West Bengal,Chronic Patient
C01271,Deepa Pillai,Female,31,Coimbatore,Tamil Nadu,Chronic Patient
C01272,Yash Joshi,Male,35,Pune,Maharashtra,New Patient
C01273,Kavita Bhat,Female,37,Hyderabad,Telangana,Premium Patient
C01274,Rohan Desai,Male,73,Nagpur,Maharashtra,Regular Patient
C01275,Ayaan Patel,Male,47,Vijayawada,Andhra Pradesh,New Patient
C01276,Siddharth Kaur,Male,26,Pune,Maharashtra,New Patient
C01277,Nikhil Banerjee,Male,54,Mumbai,Maharashtra,Regular Patient
C01278,Vivaan Iyer,Male,37,Indore,Madhya Pradesh,Premium Patient
C01279,Swati Mehta,Female,18,Bengaluru,Karnataka,Regular Patient
C01280,Shreya Joshi,Female,54,Bengaluru,Karnataka,New Patient
C01281,Ayaan Joshi,Male,55,Kanpur,Uttar Pradesh,Chronic Patient
C01282,Anjali Mehta,Female,38,Jaipur,Rajasthan,Chronic Patient
C01283,Sameer Das,Male,33,Surat,Gujarat,Premium Patient
C01284,Rahul Kaur,Male,56,Kolkata,West Bengal,Chronic Patient
C01285,Sameer Banerjee,Male,32,Jaipur,Rajasthan,Regular Patient
C01286,Arjun Pillai,Male,60,Patna,Bihar,New Patient
C01287,Ananya Reddy,Female,33,Hyderabad,Telangana,New Patient
C01288,Sai Chauhan,Male,41,Chennai,Tamil Nadu,Chronic Patient
C01289,Anil Iyer,Male,49,Kolkata,West Bengal,Chronic Patient
C01290,Ishaan Joshi,Male,46,Kolkata,West Bengal,Regular Patient
C01291,Aarav Patel,Male,32,Bengaluru,Karnataka,Chronic Patient
C01292,Krishna Nair,Male,48,Bhubaneswar,Odisha,Regular Patient
C01293,Nisha Nair,Female,54,Chandigarh,Punjab,New Patient
C01294,Krishna Pillai,Male,27,Bhopal,Madhya Pradesh,New Patient
C01295,Nisha Malhotra,Female,50,Hyderabad,Telangana,Regular Patient
C01296,Suresh Khan,Male,41,Lucknow,Uttar Pradesh,Chronic Patient
C01297,Nikhil Kapoor,Male,28,Gurugram,Haryana,New Patient
C01298,Ananya Patel,Female,47,Pune,Maharashtra,Chronic Patient
C01299,Rekha Joshi,Female,56,Surat,Gujarat,Regular Patient
C01300,Radha Pillai,Female,34,Bhopal,Madhya Pradesh,New Patient
C01301,Vivaan Mishra,Male,18,Bhubaneswar,Odisha,Chronic Patient
C01302,Rohan Das,Male,48,Mumbai,Maharashtra,Regular Patient
C01303,Ishaan Pillai,Male,37,Indore,Madhya Pradesh,New Patient
C01304,Neha Khan,Female,52,Nagpur,Maharashtra,Regular Patient
C01305,Rahul Banerjee,Male,59,Kolkata,West Bengal,New Patient
C01306,Rekha Naidu,Female,47,Chandigarh,Punjab,New Patient
C01307,Rahul Chauhan,Male,53,Bhubaneswar,Odisha,New Patient
C01308,Harish Sharma,Male,56,Kolkata,West Bengal,Regular Patient
C01309,Lakshmi Bose,Female,34,Hyderabad,Telangana,Chronic Patient
C01310,Diya Agarwal,Female,37,New Delhi,Delhi,Regular Patient
C01311,Rekha Menon,Female,49,Chennai,Tamil Nadu,New Patient
C01312,Nisha Kaur,Female,62,Patna,Bihar,Regular Patient
C01313,Sunita Joshi,Female,25,Lucknow,Uttar Pradesh,Chronic Patient
C01314,Rahul Desai,Male,50,Chandigarh,Punjab,New Patient
C01315,Aditya Kapoor,Male,61,Nagpur,Maharashtra,Chronic Patient
C01316,Isha Sharma,Female,40,Bengaluru,Karnataka,Regular Patient
C01317,Nisha Pillai,Female,43,New Delhi,Delhi,Chronic Patient
C01318,Manish Rao,Male,42,Bhubaneswar,Odisha,New Patient
C01319,Sneha Iyer,Female,41,Hyderabad,Telangana,Regular Patient
C01320,Kabir Mehta,Male,31,Patna,Bihar,Chronic Patient
C01321,Sneha Kapoor,Female,41,Jaipur,Rajasthan,Regular Patient
C01322,Vikram Rao,Male,32,Chennai,Tamil Nadu,Chronic Patient
C01323,Rahul Reddy,Male,52,Bhubaneswar,Odisha,Chronic Patient
C01324,Kabir Shah,Male,18,Mumbai,Maharashtra,Regular Patient
C01325,Tanya Bhat,Female,56,Gurugram,Haryana,Chronic Patient
C01326,Sai Bhat,Male,58,Bhubaneswar,Odisha,Chronic Patient
C01327,Krishna Iyer,Male,45,New Delhi,Delhi,Chronic Patient
C01328,Vivaan Kaur,Male,69,Hyderabad,Telangana,Regular Patient
C01329,Sunita Verma,Female,49,Kochi,Kerala,Chronic Patient
C01330,Aarav Kaur,Male,47,New Delhi,Delhi,Premium Patient
C01331,Siddharth Kapoor,Male,18,Mumbai,Maharashtra,New Patient
C01332,Rohan Singh,Male,59,New Delhi,Delhi,New Patient
C01333,Dhruv Mishra,Male,29,Gurugram,Haryana,New Patient
C01334,Anjali Shah,Female,28,Chennai,Tamil Nadu,Regular Patient
C01335,Deepa Khan,Female,46,New Delhi,Delhi,Regular Patient
C01336,Aarav Rao,Male,32,Chennai,Tamil Nadu,Regular Patient
C01337,Anjali Shah,Female,40,Bhubaneswar,Odisha,Premium Patient
C01338,Sameer Pillai,Male,61,Howrah,West Bengal,Chronic Patient
C01339,Radha Verma,Female,67,Mumbai,Maharashtra,Regular Patient
C01340,Krishna Gupta,Male,34,Pune,Maharashtra,Chronic Patient
C01341,Sneha Chauhan,Female,41,Kochi,Kerala,Chronic Patient
C01342,Sameer Sharma,Male,78,Bhubaneswar,Odisha,Regular Patient
C01343,Ira Naidu,Female,67,Howrah,West Bengal,New Patient
C01344,Siddharth Joshi,Male,18,Vijayawada,Andhra Pradesh,Chronic Patient
C01345,Kabir Patel,Male,57,Bengaluru,Karnataka,Premium Patient
C01346,Fatima Das,Female,32,New Delhi,Delhi,New Patient
C01347,Neha Pillai,Female,34,Chennai,Tamil Nadu,New Patient
C01348,Aditya Kumar,Male,57,New Delhi,Delhi,New Patient
C01349,Meera Banerjee,Female,18,Jaipur,Rajasthan,Chronic Patient
C01350,Meera Agarwal,Female,60,Mumbai,Maharashtra,Chronic Patient
C01351,Rahul Desai,Male,64,Patna,Bihar,Regular Patient
C01352,Vikram Chatterjee,Male,38,New Delhi,Delhi,Regular Patient
C01353,Preeti Sharma,Female,67,Bengaluru,Karnataka,Premium Patient
C01354,Dhruv Malhotra,Male,50,Coimbatore,Tamil Nadu,New Patient
C01355,Sunita Patel,Female,26,Mumbai,Maharashtra,New Patient
C01356,Sneha Pillai,Female,45,Nagpur,Maharashtra,Regular Patient
C01357,Meera Patel,Female,33,New Delhi,Delhi,Chronic Patient
C01358,Anil Khan,Male,47,Mysuru,Karnataka,Regular Patient
C01359,Krishna Menon,Male,25,Jaipur,Rajasthan,Regular Patient
C01360,Yash Mehta,Male,68,Ahmedabad,Gujarat,New Patient
C01361,Siddharth Mishra,Male,52,Kolkata,West Bengal,Chronic Patient
C01362,Rohan Bhat,Male,37,Bhopal,Madhya Pradesh,Chronic Patient
C01363,Rohan Rao,Male,47,Chandigarh,Punjab,New Patient
C01364,Sneha Nair,Female,43,Gurugram,Haryana,Chronic Patient
C01365,Ira Chauhan,Female,18,Chandigarh,Punjab,New Patient
C01366,Aanya Desai,Female,69,Indore,Madhya Pradesh,Regular Patient
C01367,Preeti Menon,Female,43,Kochi,Kerala,Premium Patient
C01368,Pranav Banerjee,Male,46,New Delhi,Delhi,Regular Patient
C01369,Divya Reddy,Female,23,Chennai,Tamil Nadu,Chronic Patient
C01370,Meera Das,Female,46,Bhubaneswar,Odisha,Premium Patient
C01371,Vihaan Pillai,Male,49,Ahmedabad,Gujarat,Regular Patient
C01372,Shreya Verma,Female,28,Pune,Maharashtra,Regular Patient
C01373,Suresh Desai,Male,54,New Delhi,Delhi,Regular Patient
C01374,Rajesh Pillai,Male,18,Kochi,Kerala,Premium Patient
C01375,Aarav Chauhan,Male,40,Chandigarh,Punjab,Chronic Patient
C01376,Vivaan Singh,Male,22,Bengaluru,Karnataka,Regular Patient
C01377,Shreya Mehta,Female,44,Gurugram,Haryana,New Patient
C01378,Aryan Kumar,Male,37,Chennai,Tamil Nadu,Regular Patient
C01379,Ishaan Bose,Male,51,Lucknow,Uttar Pradesh,Regular Patient
C01380,Preeti Das,Female,42,Kanpur,Uttar Pradesh,Regular Patient
C01381,Reyansh Joshi,Male,50,Lucknow,Uttar Pradesh,New Patient
C01382,Kavita Mehta,Female,44,Patna,Bihar,Chronic Patient
C01383,Preeti Das,Female,60,Bengaluru,Karnataka,Regular Patient
C01384,Anil Nair,Male,58,Bengaluru,Karnataka,Chronic Patient
C01385,Karthik Menon,Male,32,Hyderabad,Telangana,New Patient
C01386,Manish Pillai,Male,59,Bengaluru,Karnataka,Premium Patient
C01387,Divya Shah,Female,49,New Delhi,Delhi,Regular Patient
C01388,Vihaan Das,Male,62,Hyderabad,Telangana,Chronic Patient
C01389,Ishaan Khan,Male,28,Chennai,Tamil Nadu,New Patient
C01390,Sai Chatterjee,Male,25,Mumbai,Maharashtra,Chronic Patient
C01391,Sneha Naidu,Female,25,Jaipur,Rajasthan,New Patient
C01392,Sneha Sharma,Female,67,Chennai,Tamil Nadu,Chronic Patient
C01393,Suresh Kapoor,Male,62,Lucknow,Uttar Pradesh,Regular Patient
C01394,Manish Naidu,Male,58,Pune,Maharashtra,Regular Patient
C01395,Ayaan Kumar,Male,23,Mumbai,Maharashtra,Chronic Patient
C01396,Kavita Chatterjee,Female,58,Coimbatore,Tamil Nadu,Regular Patient
C01397,Priya Chatterjee,Female,24,Lucknow,Uttar Pradesh,Regular Patient
C01398,Ananya Malhotra,Female,18,Bengaluru,Karnataka,New Patient
C01399,Lakshmi Kapoor,Female,37,Lucknow,Uttar Pradesh,Regular Patient
C01400,Ira Gupta,Female,41,Hyderabad,Telangana,Chronic Patient
C01401,Vivaan Malhotra,Male,65,Hyderabad,Telangana,New Patient
C01402,Manish Das,Male,28,Kolkata,West Bengal,New Patient
C01403,Naveen Singh,Male,80,Jaipur,Rajasthan,Regular Patient
C01404,Pooja Bose,Female,47,Bengaluru,Karnataka,Regular Patient
C01405,Reyansh Bhat,Male,42,Surat,Gujarat,Chronic Patient
C01406,Anil Agarwal,Male,42,Indore,Madhya Pradesh,New Patient
C01407,Tanya Iyer,Female,25,Chandigarh,Punjab,New Patient
C01408,Rahul Naidu,Male,38,Bhopal,Madhya Pradesh,Premium Patient
C01409,Sameer Desai,Male,48,Indore,Madhya Pradesh,Chronic Patient
C01410,Kriti Nair,Female,58,Mumbai,Maharashtra,New Patient
C01411,Dhruv Shah,Male,38,Howrah,West Bengal,Premium Patient
C01412,Nikhil Malhotra,Male,46,Kolkata,West Bengal,Chronic Patient
C01413,Krishna Sharma,Male,56,Nagpur,Maharashtra,Regular Patient
C01414,Siddharth Kumar,Male,37,Chennai,Tamil Nadu,Regular Patient
C01415,Preeti Naidu,Female,60,Bhubaneswar,Odisha,Regular Patient
C01416,Saanvi Agarwal,Female,52,Indore,Madhya Pradesh,Regular Patient
C01417,Pooja Malhotra,Female,57,Mumbai,Maharashtra,Regular Patient
C01418,Neha Pillai,Female,18,Bengaluru,Karnataka,Chronic Patient
C01419,Fatima Singh,Female,39,Indore,Madhya Pradesh,Regular Patient
C01420,Arjun Chatterjee,Male,34,Chennai,Tamil Nadu,New Patient
C01421,Reyansh Shah,Male,18,Kolkata,West Bengal,Regular Patient
C01422,Vikram Ahmed,Male,72,Gurugram,Haryana,Regular Patient
C01423,Varun Sharma,Male,58,Coimbatore,Tamil Nadu,Regular Patient
C01424,Deepa Menon,Female,20,Mumbai,Maharashtra,Regular Patient
C01425,Gaurav Shah,Male,65,Pune,Maharashtra,Chronic Patient
C01426,Shreya Singh,Female,43,Mumbai,Maharashtra,Chronic Patient
C01427,Karthik Das,Male,51,Kanpur,Uttar Pradesh,Premium Patient
C01428,Manish Das,Male,34,Hyderabad,Telangana,Chronic Patient
C01429,Ira Bose,Female,59,Chandigarh,Punjab,New Patient
C01430,Rekha Mishra,Female,42,Bhopal,Madhya Pradesh,Regular Patient
C01431,Meera Shah,Female,52,Kolkata,West Bengal,Chronic Patient
C01432,Meera Bose,Female,61,Indore,Madhya Pradesh,Regular Patient
C01433,Reyansh Shah,Male,54,Chennai,Tamil Nadu,New Patient
C01434,Nikhil Mehta,Male,37,Pune,Maharashtra,Regular Patient
C01435,Riya Sharma,Female,42,Lucknow,Uttar Pradesh,Regular Patient
C01436,Aarav Reddy,Male,18,Vijayawada,Andhra Pradesh,Premium Patient
C01437,Saanvi Agarwal,Female,57,Hyderabad,Telangana,Regular Patient
C01438,Arjun Nair,Male,18,Hyderabad,Telangana,New Patient
C01439,Karthik Shah,Male,39,Mumbai,Maharashtra,New Patient
C01440,Sneha Chatterjee,Female,44,Pune,Maharashtra,Regular Patient
C01441,Ira Khan,Female,48,New Delhi,Delhi,New Patient
C01442,Meera Desai,Female,34,Patna,Bihar,New Patient
C01443,Krishna Rao,Male,42,Howrah,West Bengal,Regular Patient
C01444,Tanya Khan,Female,46,New Delhi,Delhi,New Patient
C01445,Rajesh Patel,Male,46,Indore,Madhya Pradesh,Premium Patient
C01446,Rohan Bhat,Male,46,Coimbatore,Tamil Nadu,Premium Patient
C01447,Kavita Desai,Female,38,Mumbai,Maharashtra,New Patient
C01448,Ishaan Menon,Male,47,Chandigarh,Punjab,Chronic Patient
C01449,Siddharth Kumar,Male,64,Bhopal,Madhya Pradesh,Premium Patient
C01450,Anil Mishra,Male,42,Bhubaneswar,Odisha,Chronic Patient
C01451,Divya Malhotra,Female,47,Nagpur,Maharashtra,New Patient
C01452,Vihaan Ahmed,Male,42,Mumbai,Maharashtra,Regular Patient
C01453,Kavya Malhotra,Female,63,Kolkata,West Bengal,Premium Patient
C01454,Gaurav Mehta,Male,39,Bhopal,Madhya Pradesh,New Patient
C01455,Kavya Sharma,Female,30,Gurugram,Haryana,Regular Patient
C01456,Sunita Menon,Female,54,Mumbai,Maharashtra,Regular Patient
C01457,Deepa Gupta,Female,39,Howrah,West Bengal,New Patient
C01458,Suresh Kapoor,Male,53,Coimbatore,Tamil Nadu,Regular Patient
C01459,Vikram Malhotra,Male,36,New Delhi,Delhi,Premium Patient
C01460,Reyansh Agarwal,Male,26,New Delhi,Delhi,Regular Patient
C01461,Divya Patel,Female,43,Kochi,Kerala,New Patient
C01462,Manish Desai,Male,22,Ahmedabad,Gujarat,Regular Patient
C01463,Anil Rao,Male,48,Lucknow,Uttar Pradesh,Premium Patient
C01464,Anil Nair,Male,56,Jaipur,Rajasthan,Regular Patient
C01465,Rajesh Chatterjee,Male,73,Mumbai,Maharashtra,New Patient
C01466,Divya Rao,Female,36,Indore,Madhya Pradesh,Regular Patient
C01467,Riya Bhat,Female,32,Chandigarh,Punjab,Regular Patient
C01468,Aryan Mishra,Male,56,Mumbai,Maharashtra,Chronic Patient
C01469,Anjali Nair,Female,55,Bhopal,Madhya Pradesh,New Patient
C01470,Varun Singh,Male,56,Mumbai,Maharashtra,Chronic Patient
C01471,Sameer Das,Male,74,Nagpur,Maharashtra,Chronic Patient
C01472,Kriti Ahmed,Female,44,Jaipur,Rajasthan,Premium Patient
C01473,Vivaan Bhat,Male,78,Nagpur,Maharashtra,Chronic Patient
C01474,Harish Das,Male,38,New Delhi,Delhi,Premium Patient
C01475,Vikram Naidu,Male,33,New Delhi,Delhi,Chronic Patient
C01476,Karthik Malhotra,Male,32,Chennai,Tamil Nadu,Regular Patient
C01477,Suresh Gupta,Male,31,Kochi,Kerala,New Patient
C01478,Krishna Ahmed,Male,75,Kanpur,Uttar Pradesh,Premium Patient
C01479,Ishaan Iyer,Male,62,Vijayawada,Andhra Pradesh,New Patient
C01480,Dhruv Chauhan,Male,73,Patna,Bihar,Chronic Patient
C01481,Yash Mehta,Male,18,Bengaluru,Karnataka,Chronic Patient
C01482,Rajesh Gupta,Male,24,Nagpur,Maharashtra,New Patient
C01483,Manish Menon,Male,39,Bengaluru,Karnataka,Premium Patient
C01484,Pooja Kaur,Female,36,Gurugram,Haryana,Chronic Patient
C01485,Kavita Banerjee,Female,47,Chennai,Tamil Nadu,Regular Patient
C01486,Rajesh Verma,Male,44,Kolkata,West Bengal,Regular Patient
C01487,Diya Bhat,Female,28,Nagpur,Maharashtra,New Patient
C01488,Ishaan Pillai,Male,35,Gurugram,Haryana,Regular Patient
C01489,Varun Das,Male,40,New Delhi,Delhi,Chronic Patient
C01490,Rohan Joshi,Male,25,Chennai,Tamil Nadu,Regular Patient
C01491,Kavita Naidu,Female,41,Bengaluru,Karnataka,New Patient
C01492,Manish Joshi,Male,26,Chennai,Tamil Nadu,New Patient
C01493,Suresh Bose,Male,41,Vijayawada,Andhra Pradesh,Regular Patient
C01494,Ananya Naidu,Female,30,Mysuru,Karnataka,New Patient
C01495,Krishna Naidu,Male,58,Mumbai,Maharashtra,Regular Patient
C01496,Sneha Banerjee,Female,50,Kolkata,West Bengal,Regular Patient
C01497,Vivaan Ahmed,Male,50,Chandigarh,Punjab,Premium Patient
C01498,Karthik Khan,Male,55,Hyderabad,Telangana,Chronic Patient
C01499,Nisha Naidu,Female,51,Bengaluru,Karnataka,Regular Patient
C01500,Siddharth Bhat,Male,58,Mumbai,Maharashtra,Chronic Patient
C01501,Nikhil Das,Male,46,Bengaluru,Karnataka,Premium Patient
C01502,Aditya Kapoor,Male,54,Nagpur,Maharashtra,New Patient
C01503,Pranav Shah,Male,49,Bhopal,Madhya Pradesh,New Patient
C01504,Ishaan Ahmed,Male,49,Jaipur,Rajasthan,Premium Patient
C01505,Rajesh Khan,Male,21,Mumbai,Maharashtra,Chronic Patient
C01506,Varun Joshi,Male,28,Bhopal,Madhya Pradesh,Regular Patient
C01507,Diya Chatterjee,Female,47,Howrah,West Bengal,New Patient
C01508,Ayaan Banerjee,Male,32,Hyderabad,Telangana,New Patient
C01509,Rekha Shah,Female,42,Mumbai,Maharashtra,New Patient
C01510,Siddharth Rao,Male,35,Kochi,Kerala,Regular Patient
C01511,Rekha Menon,Female,36,Mumbai,Maharashtra,Chronic Patient
C01512,Rajesh Agarwal,Male,44,Ahmedabad,Gujarat,Chronic Patient
C01513,Kriti Malhotra,Female,39,Hyderabad,Telangana,Premium Patient
C01514,Yash Das,Male,65,Kochi,Kerala,Chronic Patient
C01515,Vikram Kumar,Male,22,Ahmedabad,Gujarat,New Patient
C01516,Karthik Mishra,Male,52,Surat,Gujarat,Chronic Patient
C01517,Kavya Bhat,Female,55,Gurugram,Haryana,Chronic Patient
C01518,Aanya Malhotra,Female,66,New Delhi,Delhi,Regular Patient
C01519,Priya Pillai,Female,44,Jaipur,Rajasthan,Regular Patient
C01520,Reyansh Kumar,Male,54,Pune,Maharashtra,Regular Patient
C01521,Vihaan Chauhan,Male,65,Lucknow,Uttar Pradesh,New Patient
C01522,Pooja Desai,Female,34,Mumbai,Maharashtra,Regular Patient
C01523,Kavya Bose,Female,30,Vijayawada,Andhra Pradesh,Regular Patient
C01524,Reyansh Kumar,Male,45,Patna,Bihar,Regular Patient
C01525,Vihaan Naidu,Male,40,Kanpur,Uttar Pradesh,Regular Patient
C01526,Sameer Bose,Male,54,Kolkata,West Bengal,New Patient
C01527,Saanvi Menon,Female,23,Mysuru,Karnataka,New Patient
C01528,Lakshmi Joshi,Female,64,Coimbatore,Tamil Nadu,Regular Patient
C01529,Anil Pillai,Male,47,Chennai,Tamil Nadu,Regular Patient
C01530,Vikram Bose,Male,39,Chennai,Tamil Nadu,New Patient
C01531,Arjun Iyer,Male,43,Hyderabad,Telangana,Premium Patient
C01532,Sneha Rao,Female,59,Gurugram,Haryana,Regular Patient
C01533,Aarav Desai,Male,51,Chennai,Tamil Nadu,Regular Patient
C01534,Aryan Khan,Male,43,Chennai,Tamil Nadu,Premium Patient
C01535,Saanvi Chatterjee,Female,40,Kanpur,Uttar Pradesh,Regular Patient
C01536,Ishaan Chauhan,Male,41,Chandigarh,Punjab,Chronic Patient
C01537,Naveen Gupta,Male,53,Ahmedabad,Gujarat,Chronic Patient
C01538,Aryan Mishra,Male,39,New Delhi,Delhi,New Patient
C01539,Aditya Sharma,Male,52,Bhubaneswar,Odisha,Chronic Patient
C01540,Aditya Chatterjee,Male,18,Vijayawada,Andhra Pradesh,Chronic Patient
C01541,Anil Naidu,Male,30,Mumbai,Maharashtra,Regular Patient
C01542,Vikram Mehta,Male,32,Hyderabad,Telangana,Regular Patient
C01543,Saanvi Agarwal,Female,43,Mumbai,Maharashtra,Chronic Patient
C01544,Nisha Banerjee,Female,40,Coimbatore,Tamil Nadu,New Patient
C01545,Ananya Verma,Female,33,Indore,Madhya Pradesh,New Patient
C01546,Aryan Mehta,Male,26,Chandigarh,Punjab,Chronic Patient
C01547,Aarav Gupta,Male,31,Chandigarh,Punjab,Chronic Patient
C01548,Naveen Mishra,Male,68,Kolkata,West Bengal,New Patient
C01549,Aanya Shah,Female,33,Chandigarh,Punjab,Chronic Patient
C01550,Kavya Das,Female,18,Patna,Bihar,Chronic Patient
C01551,Pranav Kumar,Male,44,Mumbai,Maharashtra,Chronic Patient
C01552,Arjun Reddy,Male,33,Kolkata,West Bengal,Regular Patient
C01553,Varun Mishra,Male,39,Bhubaneswar,Odisha,Premium Patient
C01554,Fatima Pillai,Female,57,Surat,Gujarat,New Patient
C01555,Anil Reddy,Male,40,Chennai,Tamil Nadu,Regular Patient
C01556,Ayaan Malhotra,Male,38,Nagpur,Maharashtra,Chronic Patient
C01557,Sameer Mehta,Male,18,Gurugram,Haryana,Premium Patient
C01558,Aisha Das,Female,34,Coimbatore,Tamil Nadu,Chronic Patient
C01559,Aanya Naidu,Female,39,Howrah,West Bengal,Chronic Patient
C01560,Riya Banerjee,Female,49,Chennai,Tamil Nadu,New Patient
C01561,Anil Das,Male,18,Bhopal,Madhya Pradesh,New Patient
C01562,Preeti Malhotra,Female,24,Kolkata,West Bengal,Chronic Patient
C01563,Nisha Nair,Female,49,Mumbai,Maharashtra,Regular Patient
C01564,Aryan Kumar,Male,44,Kolkata,West Bengal,Regular Patient
C01565,Manish Nair,Male,35,Ahmedabad,Gujarat,New Patient
C01566,Isha Ahmed,Female,50,New Delhi,Delhi,Chronic Patient
C01567,Pranav Pillai,Male,37,Mysuru,Karnataka,Chronic Patient
C01568,Fatima Desai,Female,57,Ahmedabad,Gujarat,Regular Patient
C01569,Siddharth Reddy,Male,34,Coimbatore,Tamil Nadu,Premium Patient
C01570,Anil Iyer,Male,30,Chennai,Tamil Nadu,Regular Patient
C01571,Reyansh Bhat,Male,83,Hyderabad,Telangana,Chronic Patient
C01572,Karthik Bose,Male,53,Jaipur,Rajasthan,Regular Patient
C01573,Harish Banerjee,Male,32,Chandigarh,Punjab,Chronic Patient
C01574,Saanvi Desai,Female,37,Indore,Madhya Pradesh,Chronic Patient
C01575,Aarav Desai,Male,34,Howrah,West Bengal,New Patient
C01576,Kriti Joshi,Female,19,Hyderabad,Telangana,Regular Patient
C01577,Kavya Chauhan,Female,38,Kanpur,Uttar Pradesh,Regular Patient
C01578,Vikram Menon,Male,45,Mumbai,Maharashtra,New Patient
C01579,Rahul Agarwal,Male,64,Kolkata,West Bengal,Chronic Patient
C01580,Tanya Menon,Female,42,Nagpur,Maharashtra,New Patient
C01581,Rohan Verma,Male,36,New Delhi,Delhi,New Patient
C01582,Siddharth Mehta,Male,66,Gurugram,Haryana,Premium Patient
C01583,Radha Rao,Female,62,Chennai,Tamil Nadu,New Patient
C01584,Fatima Chatterjee,Female,45,Mysuru,Karnataka,New Patient
C01585,Riya Ahmed,Female,44,Nagpur,Maharashtra,Regular Patient
C01586,Dhruv Desai,Male,49,New Delhi,Delhi,New Patient
C01587,Dhruv Bhat,Male,34,Kolkata,West Bengal,Chronic Patient
C01588,Anil Joshi,Male,43,Coimbatore,Tamil Nadu,Regular Patient
C01589,Aisha Agarwal,Female,33,Vijayawada,Andhra Pradesh,Regular Patient
C01590,Pooja Chatterjee,Female,63,New Delhi,Delhi,Regular Patient
C01591,Kavya Pillai,Female,30,Kanpur,Uttar Pradesh,New Patient
C01592,Diya Naidu,Female,46,Vijayawada,Andhra Pradesh,Premium Patient
C01593,Vihaan Rao,Male,47,Kolkata,West Bengal,Chronic Patient
C01594,Aditya Desai,Male,64,Bhopal,Madhya Pradesh,Regular Patient
C01595,Neha Shah,Female,36,Pune,Maharashtra,Regular Patient
C01596,Anjali Banerjee,Female,33,Bengaluru,Karnataka,New Patient
C01597,Nikhil Gupta,Male,52,Kochi,Kerala,Chronic Patient
C01598,Deepa Joshi,Female,50,Surat,Gujarat,New Patient
C01599,Saanvi Das,Female,73,Chennai,Tamil Nadu,Chronic Patient
C01600,Krishna Chatterjee,Male,45,Bhopal,Madhya Pradesh,Regular Patient
C01601,Isha Banerjee,Female,62,Hyderabad,Telangana,Chronic Patient
C01602,Rajesh Malhotra,Male,60,Patna,Bihar,New Patient
C01603,Sunita Bhat,Female,33,Kochi,Kerala,Chronic Patient
C01604,Nikhil Malhotra,Male,21,Kolkata,West Bengal,New Patient
C01605,Dhruv Bhat,Male,39,Chennai,Tamil Nadu,Regular Patient
C01606,Ananya Das,Female,56,Patna,Bihar,Regular Patient
C01607,Ananya Mishra,Female,65,Mysuru,Karnataka,New Patient
C01608,Naveen Nair,Male,18,Bengaluru,Karnataka,Chronic Patient
C01609,Vikram Agarwal,Male,30,Indore,Madhya Pradesh,New Patient
C01610,Anil Desai,Male,49,Kochi,Kerala,Regular Patient
C01611,Ananya Iyer,Female,53,Ahmedabad,Gujarat,Regular Patient
C01612,Aanya Kapoor,Female,28,New Delhi,Delhi,Premium Patient
C01613,Divya Ahmed,Female,33,Lucknow,Uttar Pradesh,New Patient
C01614,Aryan Banerjee,Male,18,Surat,Gujarat,Chronic Patient
C01615,Suresh Menon,Male,68,Chandigarh,Punjab,New Patient
C01616,Aryan Kapoor,Male,46,Surat,Gujarat,Regular Patient
C01617,Kabir Kapoor,Male,33,Patna,Bihar,Premium Patient
C01618,Isha Verma,Female,61,Surat,Gujarat,Chronic Patient
C01619,Ayaan Verma,Male,46,New Delhi,Delhi,New Patient
C01620,Yash Khan,Male,64,Hyderabad,Telangana,New Patient
C01621,Ira Verma,Female,67,Kolkata,West Bengal,Regular Patient
C01622,Krishna Chauhan,Male,28,Bhopal,Madhya Pradesh,Premium Patient
C01623,Rajesh Kapoor,Male,62,New Delhi,Delhi,Chronic Patient
C01624,Pooja Bhat,Female,62,Vijayawada,Andhra Pradesh,Regular Patient
C01625,Ira Desai,Female,50,Mysuru,Karnataka,Premium Patient
C01626,Dhruv Khan,Male,52,Hyderabad,Telangana,Regular Patient
C01627,Varun Gupta,Male,45,Nagpur,Maharashtra,Regular Patient
C01628,Rajesh Ahmed,Male,26,Hyderabad,Telangana,New Patient
C01629,Sameer Rao,Male,25,Howrah,West Bengal,Regular Patient
C01630,Myra Joshi,Female,69,Indore,Madhya Pradesh,Regular Patient
C01631,Ira Menon,Female,46,Nagpur,Maharashtra,Chronic Patient
C01632,Rekha Agarwal,Female,40,Mumbai,Maharashtra,Regular Patient
C01633,Vivaan Mehta,Male,53,Coimbatore,Tamil Nadu,Regular Patient
C01634,Sneha Mishra,Female,33,Indore,Madhya Pradesh,Premium Patient
C01635,Sameer Bhat,Male,37,Kanpur,Uttar Pradesh,Regular Patient
C01636,Ananya Banerjee,Female,44,Pune,Maharashtra,Regular Patient
C01637,Isha Sharma,Female,35,Chennai,Tamil Nadu,Chronic Patient
C01638,Gaurav Iyer,Male,51,Chandigarh,Punjab,Regular Patient
C01639,Kriti Bose,Female,41,Bhopal,Madhya Pradesh,New Patient
C01640,Varun Kaur,Male,51,New Delhi,Delhi,Regular Patient
C01641,Isha Agarwal,Female,52,New Delhi,Delhi,New Patient
C01642,Aditya Shah,Male,61,Bengaluru,Karnataka,Chronic Patient
C01643,Aarav Iyer,Male,39,New Delhi,Delhi,Regular Patient
C01644,Kavita Joshi,Female,28,Jaipur,Rajasthan,Regular Patient
C01645,Ananya Rao,Female,81,Bhubaneswar,Odisha,New Patient
C01646,Suresh Menon,Male,64,Howrah,West Bengal,Regular Patient
C01647,Lakshmi Nair,Female,18,Bengaluru,Karnataka,Chronic Patient
C01648,Pranav Ahmed,Male,84,Mumbai,Maharashtra,Chronic Patient
C01649,Rekha Khan,Female,34,Hyderabad,Telangana,Regular Patient
C01650,Harish Pillai,Male,42,Bengaluru,Karnataka,Chronic Patient
C01651,Vivaan Naidu,Male,26,Bhubaneswar,Odisha,Chronic Patient
C01652,Radha Kumar,Female,45,Patna,Bihar,New Patient
C01653,Sneha Gupta,Female,35,Ahmedabad,Gujarat,Premium Patient
C01654,Aanya Kumar,Female,26,Pune,Maharashtra,Regular Patient
C01655,Swati Reddy,Female,23,Bhubaneswar,Odisha,Chronic Patient
C01656,Kriti Iyer,Female,32,Indore,Madhya Pradesh,Regular Patient
C01657,Sunita Ahmed,Female,54,Bhubaneswar,Odisha,Chronic Patient
C01658,Karthik Gupta,Male,85,Bhubaneswar,Odisha,New Patient
C01659,Nikhil Khan,Male,51,Hyderabad,Telangana,New Patient
C01660,Priya Reddy,Female,29,Mumbai,Maharashtra,New Patient
C01661,Vikram Rao,Male,38,Patna,Bihar,Chronic Patient
C01662,Aanya Kaur,Female,58,Ahmedabad,Gujarat,Regular Patient
C01663,Ishaan Kumar,Male,38,Pune,Maharashtra,Regular Patient
C01664,Anjali Shah,Female,65,Coimbatore,Tamil Nadu,Chronic Patient
C01665,Preeti Iyer,Female,78,Pune,Maharashtra,New Patient
C01666,Radha Nair,Female,18,Vijayawada,Andhra Pradesh,Premium Patient
C01667,Dhruv Agarwal,Male,32,Hyderabad,Telangana,New Patient
C01668,Priya Mishra,Female,33,Hyderabad,Telangana,New Patient
C01669,Naveen Gupta,Male,67,Hyderabad,Telangana,Chronic Patient
C01670,Sai Pillai,Male,38,Ahmedabad,Gujarat,Premium Patient
C01671,Aanya Joshi,Female,59,Mumbai,Maharashtra,Chronic Patient
C01672,Isha Kumar,Female,46,Coimbatore,Tamil Nadu,Chronic Patient
C01673,Varun Kumar,Male,40,Kolkata,West Bengal,Regular Patient
C01674,Meera Nair,Female,53,Vijayawada,Andhra Pradesh,Chronic Patient
C01675,Aryan Naidu,Male,68,Bhopal,Madhya Pradesh,New Patient
C01676,Sneha Naidu,Female,18,Kanpur,Uttar Pradesh,New Patient
C01677,Rajesh Kaur,Male,62,Patna,Bihar,New Patient
C01678,Arjun Shah,Male,42,Gurugram,Haryana,New Patient
C01679,Pooja Verma,Female,47,Kolkata,West Bengal,Regular Patient
C01680,Suresh Verma,Male,59,Kochi,Kerala,Regular Patient
C01681,Karthik Das,Male,48,Pune,Maharashtra,New Patient
C01682,Yash Malhotra,Male,70,Bhubaneswar,Odisha,Regular Patient
C01683,Kriti Singh,Female,18,Surat,Gujarat,Chronic Patient
C01684,Rajesh Desai,Male,32,Jaipur,Rajasthan,Chronic Patient
C01685,Fatima Desai,Female,52,Bengaluru,Karnataka,Regular Patient
C01686,Ira Khan,Female,36,New Delhi,Delhi,Regular Patient
C01687,Myra Chatterjee,Female,68,Gurugram,Haryana,Chronic Patient
C01688,Vikram Chatterjee,Male,33,Bhopal,Madhya Pradesh,Chronic Patient
C01689,Reyansh Ahmed,Male,45,Bengaluru,Karnataka,Premium Patient
C01690,Sneha Das,Female,31,Bhopal,Madhya Pradesh,New Patient
C01691,Vivaan Kaur,Male,42,Howrah,West Bengal,Premium Patient
C01692,Divya Sharma,Female,18,New Delhi,Delhi,Regular Patient
C01693,Rahul Chatterjee,Male,22,Kolkata,West Bengal,New Patient
C01694,Sneha Kapoor,Female,77,Chennai,Tamil Nadu,Regular Patient
C01695,Tanya Khan,Female,44,Mysuru,Karnataka,Regular Patient
C01696,Shreya Malhotra,Female,38,Mumbai,Maharashtra,New Patient
C01697,Nikhil Das,Male,26,Chennai,Tamil Nadu,Regular Patient
C01698,Kavya Naidu,Female,28,Pune,Maharashtra,New Patient
C01699,Arjun Kumar,Male,75,Surat,Gujarat,Regular Patient
C01700,Karthik Kaur,Male,45,Kochi,Kerala,Chronic Patient
C01701,Riya Naidu,Female,61,Bhopal,Madhya Pradesh,Regular Patient
C01702,Radha Gupta,Female,18,Coimbatore,Tamil Nadu,New Patient
C01703,Swati Menon,Female,34,Coimbatore,Tamil Nadu,Chronic Patient
C01704,Vivaan Naidu,Male,72,Chandigarh,Punjab,Regular Patient
C01705,Aditya Das,Male,35,New Delhi,Delhi,Regular Patient
C01706,Harish Kapoor,Male,27,Chennai,Tamil Nadu,New Patient
C01707,Divya Malhotra,Female,50,Kochi,Kerala,Regular Patient
C01708,Swati Nair,Female,20,Kochi,Kerala,New Patient
C01709,Lakshmi Kaur,Female,18,Bhopal,Madhya Pradesh,Premium Patient
C01710,Reyansh Chatterjee,Male,68,Kanpur,Uttar Pradesh,New Patient
C01711,Nisha Chatterjee,Female,31,Kolkata,West Bengal,Regular Patient
C01712,Vivaan Shah,Male,53,Indore,Madhya Pradesh,Chronic Patient
C01713,Priya Mishra,Female,76,Ahmedabad,Gujarat,Premium Patient
C01714,Fatima Singh,Female,44,Bhopal,Madhya Pradesh,Regular Patient
C01715,Kriti Pillai,Female,53,Pune,Maharashtra,Regular Patient
C01716,Aditya Verma,Male,18,Lucknow,Uttar Pradesh,New Patient
C01717,Vihaan Sharma,Male,30,Pune,Maharashtra,Regular Patient
C01718,Sneha Iyer,Female,71,Coimbatore,Tamil Nadu,Chronic Patient
C01719,Kavya Bose,Female,38,Chennai,Tamil Nadu,Chronic Patient
C01720,Riya Agarwal,Female,23,Kanpur,Uttar Pradesh,Regular Patient
C01721,Varun Rao,Male,52,Mumbai,Maharashtra,Regular Patient
C01722,Isha Naidu,Female,65,Bhubaneswar,Odisha,Regular Patient
C01723,Harish Bose,Male,35,Ahmedabad,Gujarat,Premium Patient
C01724,Suresh Nair,Male,52,Kolkata,West Bengal,Premium Patient
C01725,Aarav Nair,Male,58,Coimbatore,Tamil Nadu,New Patient
C01726,Neha Nair,Female,40,Mumbai,Maharashtra,Regular Patient
C01727,Karthik Ahmed,Male,38,Pune,Maharashtra,Chronic Patient
C01728,Aryan Mishra,Male,75,Kochi,Kerala,Chronic Patient
C01729,Sameer Bose,Male,24,Mumbai,Maharashtra,New Patient
C01730,Sneha Patel,Female,46,Coimbatore,Tamil Nadu,Regular Patient
C01731,Yash Menon,Male,42,Mumbai,Maharashtra,Regular Patient
C01732,Anjali Mehta,Female,42,New Delhi,Delhi,New Patient
C01733,Ayaan Verma,Male,57,Kolkata,West Bengal,Regular Patient
C01734,Sunita Singh,Female,53,Howrah,West Bengal,Regular Patient
C01735,Rajesh Gupta,Male,48,Kanpur,Uttar Pradesh,Regular Patient
C01736,Naveen Desai,Male,18,Ahmedabad,Gujarat,Chronic Patient
C01737,Ira Pillai,Female,29,Kochi,Kerala,Regular Patient
C01738,Divya Malhotra,Female,39,Chennai,Tamil Nadu,New Patient
C01739,Ira Chauhan,Female,45,Kanpur,Uttar Pradesh,Premium Patient
C01740,Priya Kapoor,Female,71,Patna,Bihar,Chronic Patient
C01741,Vikram Sharma,Male,45,Howrah,West Bengal,Regular Patient
C01742,Rahul Joshi,Male,57,Bengaluru,Karnataka,Regular Patient
C01743,Rekha Shah,Female,42,Pune,Maharashtra,Regular Patient
C01744,Siddharth Kapoor,Male,55,Coimbatore,Tamil Nadu,New Patient
C01745,Nisha Mehta,Female,44,Hyderabad,Telangana,Chronic Patient
C01746,Krishna Joshi,Male,26,Mysuru,Karnataka,Regular Patient
C01747,Gaurav Bhat,Male,53,Chennai,Tamil Nadu,Premium Patient
C01748,Ira Nair,Female,51,Chandigarh,Punjab,Regular Patient
C01749,Kabir Mehta,Male,21,Pune,Maharashtra,Chronic Patient
C01750,Naveen Mehta,Male,42,Chennai,Tamil Nadu,Regular Patient
C01751,Krishna Mishra,Male,42,Kolkata,West Bengal,New Patient
C01752,Pooja Singh,Female,34,Bengaluru,Karnataka,New Patient
C01753,Sunita Patel,Female,25,Kochi,Kerala,New Patient
C01754,Naveen Verma,Male,47,Mysuru,Karnataka,Chronic Patient
C01755,Reyansh Kapoor,Male,69,Patna,Bihar,New Patient
C01756,Divya Desai,Female,54,Bhopal,Madhya Pradesh,New Patient
C01757,Kavya Chauhan,Female,19,Howrah,West Bengal,Chronic Patient
C01758,Ishaan Joshi,Male,68,Chandigarh,Punjab,Chronic Patient
C01759,Lakshmi Mehta,Female,65,Coimbatore,Tamil Nadu,Regular Patient
C01760,Ananya Chatterjee,Female,35,Mysuru,Karnataka,New Patient
C01761,Anil Desai,Male,71,Vijayawada,Andhra Pradesh,Regular Patient
C01762,Radha Agarwal,Female,20,Kolkata,West Bengal,New Patient
C01763,Sameer Ahmed,Male,35,Mumbai,Maharashtra,New Patient
C01764,Gaurav Chatterjee,Male,36,Hyderabad,Telangana,Regular Patient
C01765,Sameer Chauhan,Male,21,Lucknow,Uttar Pradesh,Regular Patient
C01766,Shreya Malhotra,Female,47,Kanpur,Uttar Pradesh,New Patient
C01767,Aryan Mishra,Male,31,Vijayawada,Andhra Pradesh,Chronic Patient
C01768,Meera Mehta,Female,23,Chennai,Tamil Nadu,New Patient
C01769,Nisha Das,Female,39,Kochi,Kerala,New Patient
C01770,Rohan Bhat,Male,69,Chandigarh,Punjab,Chronic Patient
C01771,Anjali Kumar,Female,58,Gurugram,Haryana,Chronic Patient
C01772,Riya Naidu,Female,50,Ahmedabad,Gujarat,Premium Patient
C01773,Arjun Sharma,Male,35,Chandigarh,Punjab,New Patient
C01774,Suresh Chatterjee,Male,21,Jaipur,Rajasthan,Regular Patient
C01775,Kabir Rao,Male,26,Howrah,West Bengal,Chronic Patient
C01776,Vihaan Kapoor,Male,57,Chandigarh,Punjab,Regular Patient
C01777,Kriti Malhotra,Female,30,New Delhi,Delhi,Chronic Patient
C01778,Arjun Ahmed,Male,45,New Delhi,Delhi,Premium Patient
C01779,Deepa Banerjee,Female,50,Howrah,West Bengal,Regular Patient
C01780,Ananya Banerjee,Female,18,New Delhi,Delhi,Chronic Patient
C01781,Aditya Chatterjee,Male,43,Indore,Madhya Pradesh,New Patient
C01782,Pooja Mishra,Female,49,Indore,Madhya Pradesh,New Patient
C01783,Sunita Banerjee,Female,74,New Delhi,Delhi,Chronic Patient
C01784,Meera Reddy,Female,45,Lucknow,Uttar Pradesh,Chronic Patient
C01785,Diya Das,Female,56,Pune,Maharashtra,New Patient
C01786,Kabir Khan,Male,35,Kochi,Kerala,Premium Patient
C01787,Rahul Mishra,Male,60,Kolkata,West Bengal,Regular Patient
C01788,Manish Menon,Male,23,Chennai,Tamil Nadu,Regular Patient
C01789,Karthik Rao,Male,51,Mumbai,Maharashtra,Regular Patient
C01790,Pooja Agarwal,Female,46,Bhubaneswar,Odisha,New Patient
C01791,Arjun Joshi,Male,63,Chennai,Tamil Nadu,New Patient
C01792,Aanya Banerjee,Female,50,Kolkata,West Bengal,Chronic Patient
C01793,Aarav Mishra,Male,40,Hyderabad,Telangana,Chronic Patient
C01794,Reyansh Agarwal,Male,60,Mumbai,Maharashtra,Regular Patient
C01795,Aarav Pillai,Male,50,Kanpur,Uttar Pradesh,Regular Patient
C01796,Divya Bose,Female,27,Ahmedabad,Gujarat,Chronic Patient
C01797,Gaurav Kaur,Male,41,Chennai,Tamil Nadu,Chronic Patient
C01798,Dhruv Agarwal,Male,25,Howrah,West Bengal,New Patient
C01799,Nisha Naidu,Female,49,Pune,Maharashtra,Regular Patient
C01800,Radha Shah,Female,51,Patna,Bihar,Regular Patient
C01801,Manish Gupta,Male,70,Nagpur,Maharashtra,Chronic Patient
C01802,Vivaan Gupta,Male,40,Jaipur,Rajasthan,Chronic Patient
C01803,Priya Malhotra,Female,38,Mumbai,Maharashtra,Chronic Patient
C01804,Dhruv Chauhan,Male,19,Nagpur,Maharashtra,Regular Patient
C01805,Pranav Iyer,Male,40,Pune,Maharashtra,Chronic Patient
C01806,Ira Banerjee,Female,39,Lucknow,Uttar Pradesh,Regular Patient
C01807,Saanvi Verma,Female,45,Nagpur,Maharashtra,Chronic Patient
C01808,Yash Patel,Male,38,Gurugram,Haryana,Chronic Patient
C01809,Varun Malhotra,Male,38,Bhubaneswar,Odisha,New Patient
C01810,Harish Kaur,Male,45,Hyderabad,Telangana,Regular Patient
C01811,Vihaan Kumar,Male,42,Mumbai,Maharashtra,Premium Patient
C01812,Vihaan Das,Male,38,Chennai,Tamil Nadu,Chronic Patient
C01813,Suresh Pillai,Male,38,Chennai,Tamil Nadu,Chronic Patient
C01814,Naveen Naidu,Male,76,Pune,Maharashtra,Chronic Patient
C01815,Siddharth Gupta,Male,37,Bhopal,Madhya Pradesh,Regular Patient
C01816,Manish Sharma,Male,40,Pune,Maharashtra,New Patient
C01817,Vihaan Patel,Male,18,New Delhi,Delhi,Premium Patient
C01818,Ananya Malhotra,Female,60,Surat,Gujarat,New Patient
C01819,Gaurav Iyer,Male,18,Ahmedabad,Gujarat,Regular Patient
C01820,Yash Gupta,Male,28,Kolkata,West Bengal,New Patient
C01821,Divya Kapoor,Female,52,Jaipur,Rajasthan,New Patient
C01822,Rekha Rao,Female,18,Mumbai,Maharashtra,New Patient
C01823,Anil Chauhan,Male,32,New Delhi,Delhi,Chronic Patient
C01824,Suresh Joshi,Male,43,Hyderabad,Telangana,New Patient
C01825,Rekha Rao,Female,41,Ahmedabad,Gujarat,Regular Patient
C01826,Riya Gupta,Female,32,Nagpur,Maharashtra,Regular Patient
C01827,Karthik Reddy,Male,56,Patna,Bihar,New Patient
C01828,Pooja Patel,Female,57,Mumbai,Maharashtra,Regular Patient
C01829,Myra Kaur,Female,53,Jaipur,Rajasthan,New Patient
C01830,Deepa Reddy,Female,36,Patna,Bihar,Regular Patient
C01831,Aarav Sharma,Male,46,Ahmedabad,Gujarat,Regular Patient
C01832,Manish Joshi,Male,34,Mumbai,Maharashtra,New Patient
C01833,Rekha Kaur,Female,83,New Delhi,Delhi,Regular Patient
C01834,Isha Nair,Female,48,Bengaluru,Karnataka,Chronic Patient
C01835,Neha Patel,Female,36,Indore,Madhya Pradesh,Regular Patient
C01836,Diya Kapoor,Female,78,Chennai,Tamil Nadu,Regular Patient
C01837,Arjun Malhotra,Male,37,Mumbai,Maharashtra,Regular Patient
C01838,Neha Sharma,Female,48,Bengaluru,Karnataka,Regular Patient
C01839,Anjali Iyer,Female,56,Lucknow,Uttar Pradesh,New Patient
C01840,Shreya Pillai,Female,34,Vijayawada,Andhra Pradesh,Chronic Patient
C01841,Suresh Rao,Male,33,Lucknow,Uttar Pradesh,Chronic Patient
C01842,Gaurav Nair,Male,70,Vijayawada,Andhra Pradesh,New Patient
C01843,Divya Menon,Female,59,Gurugram,Haryana,Premium Patient
C01844,Vihaan Verma,Male,56,Pune,Maharashtra,Chronic Patient
C01845,Neha Mehta,Female,56,Gurugram,Haryana,Regular Patient
C01846,Vikram Chatterjee,Male,51,New Delhi,Delhi,Chronic Patient
C01847,Siddharth Naidu,Male,76,New Delhi,Delhi,Chronic Patient
C01848,Rahul Pillai,Male,44,Ahmedabad,Gujarat,Chronic Patient
C01849,Anil Chatterjee,Male,30,Kolkata,West Bengal,Premium Patient
C01850,Isha Bhat,Female,24,Hyderabad,Telangana,Regular Patient
C01851,Deepa Iyer,Female,37,Bengaluru,Karnataka,Regular Patient
C01852,Anil Bose,Male,18,Nagpur,Maharashtra,New Patient
C01853,Kavya Gupta,Female,66,Nagpur,Maharashtra,Regular Patient
C01854,Pranav Bose,Male,50,Pune,Maharashtra,Regular Patient
C01855,Nikhil Reddy,Male,30,Gurugram,Haryana,Premium Patient
C01856,Anil Rao,Male,61,Lucknow,Uttar Pradesh,New Patient
C01857,Isha Kumar,Female,24,Hyderabad,Telangana,Premium Patient
C01858,Vihaan Mehta,Male,28,Mumbai,Maharashtra,Chronic Patient
C01859,Nikhil Bose,Male,45,Mumbai,Maharashtra,Chronic Patient
C01860,Pranav Shah,Male,68,Jaipur,Rajasthan,Regular Patient
C01861,Lakshmi Kapoor,Female,50,New Delhi,Delhi,Chronic Patient
C01862,Shreya Ahmed,Female,18,Hyderabad,Telangana,Regular Patient
C01863,Sameer Menon,Male,28,Bengaluru,Karnataka,Regular Patient
C01864,Divya Khan,Female,31,Chennai,Tamil Nadu,New Patient
C01865,Karthik Bhat,Male,47,Surat,Gujarat,New Patient
C01866,Neha Joshi,Female,21,Hyderabad,Telangana,New Patient
C01867,Reyansh Mishra,Male,22,Kolkata,West Bengal,Premium Patient
C01868,Diya Verma,Female,39,Chennai,Tamil Nadu,New Patient
C01869,Anjali Verma,Female,54,Pune,Maharashtra,Chronic Patient
C01870,Gaurav Kaur,Male,55,Pune,Maharashtra,Regular Patient
C01871,Divya Patel,Female,45,Indore,Madhya Pradesh,New Patient
C01872,Rajesh Bhat,Male,58,Mumbai,Maharashtra,Chronic Patient
C01873,Ayaan Shah,Male,84,Indore,Madhya Pradesh,New Patient
C01874,Aarav Menon,Male,71,Pune,Maharashtra,Premium Patient
C01875,Pooja Ahmed,Female,35,Indore,Madhya Pradesh,New Patient
C01876,Pooja Chatterjee,Female,20,Gurugram,Haryana,Regular Patient
C01877,Tanya Reddy,Female,37,Bhopal,Madhya Pradesh,Chronic Patient
C01878,Pooja Agarwal,Female,28,Patna,Bihar,Regular Patient
C01879,Ira Das,Female,51,Bhubaneswar,Odisha,Chronic Patient
C01880,Diya Shah,Female,25,Kolkata,West Bengal,Regular Patient
C01881,Aryan Naidu,Male,42,Chennai,Tamil Nadu,New Patient
C01882,Radha Gupta,Female,28,Ahmedabad,Gujarat,New Patient
C01883,Fatima Verma,Female,38,Vijayawada,Andhra Pradesh,Regular Patient
C01884,Sneha Banerjee,Female,43,Hyderabad,Telangana,Premium Patient
C01885,Nikhil Kapoor,Male,53,Nagpur,Maharashtra,Regular Patient
C01886,Manish Naidu,Male,43,New Delhi,Delhi,Regular Patient
C01887,Deepa Rao,Female,34,Kochi,Kerala,Regular Patient
C01888,Varun Iyer,Male,56,Bengaluru,Karnataka,Regular Patient
C01889,Deepa Joshi,Female,44,New Delhi,Delhi,Chronic Patient
C01890,Deepa Bhat,Female,35,Chandigarh,Punjab,Chronic Patient
C01891,Aisha Mehta,Female,54,Kochi,Kerala,Regular Patient
C01892,Vihaan Gupta,Male,47,New Delhi,Delhi,Regular Patient
C01893,Sameer Pillai,Male,52,Jaipur,Rajasthan,Regular Patient
C01894,Shreya Chauhan,Female,62,Bhopal,Madhya Pradesh,Regular Patient
C01895,Pooja Kapoor,Female,25,Surat,Gujarat,Premium Patient
C01896,Rajesh Kaur,Male,83,Bengaluru,Karnataka,Chronic Patient
C01897,Isha Banerjee,Female,50,New Delhi,Delhi,Premium Patient
C01898,Tanya Banerjee,Female,25,Mumbai,Maharashtra,New Patient
C01899,Arjun Iyer,Male,64,Chennai,Tamil Nadu,Premium Patient
C01900,Reyansh Menon,Male,32,Kolkata,West Bengal,New Patient
C01901,Manish Sharma,Male,71,Chennai,Tamil Nadu,New Patient
C01902,Varun Mishra,Male,26,Gurugram,Haryana,Premium Patient
C01903,Nikhil Bhat,Male,42,Hyderabad,Telangana,Regular Patient
C01904,Ira Sharma,Female,56,Kanpur,Uttar Pradesh,Regular Patient
C01905,Anjali Malhotra,Female,54,Kanpur,Uttar Pradesh,New Patient
C01906,Manish Malhotra,Male,49,Vijayawada,Andhra Pradesh,Regular Patient
C01907,Radha Agarwal,Female,60,Lucknow,Uttar Pradesh,Regular Patient
C01908,Pooja Shah,Female,36,Lucknow,Uttar Pradesh,Regular Patient
C01909,Priya Reddy,Female,61,Patna,Bihar,Premium Patient
C01910,Sneha Shah,Female,33,New Delhi,Delhi,New Patient
C01911,Sneha Shah,Female,22,Vijayawada,Andhra Pradesh,New Patient
C01912,Siddharth Reddy,Male,69,Kolkata,West Bengal,New Patient
C01913,Ananya Khan,Female,34,Jaipur,Rajasthan,Regular Patient
C01914,Rekha Nair,Female,22,Mumbai,Maharashtra,Premium Patient
C01915,Vivaan Joshi,Male,54,Indore,Madhya Pradesh,New Patient
C01916,Krishna Rao,Male,46,Mumbai,Maharashtra,New Patient
C01917,Riya Singh,Female,49,Mumbai,Maharashtra,New Patient
C01918,Krishna Naidu,Male,38,New Delhi,Delhi,Regular Patient
C01919,Dhruv Mishra,Male,51,Kochi,Kerala,Premium Patient
C01920,Nikhil Mishra,Male,67,Chandigarh,Punjab,New Patient
C01921,Anil Naidu,Male,48,Jaipur,Rajasthan,New Patient
C01922,Sunita Shah,Female,19,Nagpur,Maharashtra,Regular Patient
C01923,Vikram Joshi,Male,43,Mumbai,Maharashtra,Regular Patient
C01924,Kavita Mishra,Female,51,Gurugram,Haryana,Chronic Patient
C01925,Myra Bhat,Female,70,Hyderabad,Telangana,Regular Patient
C01926,Suresh Naidu,Male,55,Bhopal,Madhya Pradesh,New Patient
C01927,Aryan Khan,Male,31,Lucknow,Uttar Pradesh,New Patient
C01928,Vivaan Verma,Male,43,Chennai,Tamil Nadu,Regular Patient
C01929,Anjali Patel,Female,56,Chennai,Tamil Nadu,New Patient
C01930,Isha Sharma,Female,52,Hyderabad,Telangana,Chronic Patient
C01931,Suresh Chauhan,Male,53,Mumbai,Maharashtra,Chronic Patient
C01932,Tanya Rao,Female,23,Kolkata,West Bengal,Premium Patient
C01933,Sameer Verma,Male,54,Chennai,Tamil Nadu,Regular Patient
C01934,Saanvi Agarwal,Female,47,Chandigarh,Punjab,Regular Patient
C01935,Sneha Sharma,Female,55,Chennai,Tamil Nadu,Regular Patient
C01936,Nikhil Ahmed,Male,46,Mysuru,Karnataka,Regular Patient
C01937,Aisha Chatterjee,Female,41,Mumbai,Maharashtra,New Patient
C01938,Pooja Shah,Female,61,Chennai,Tamil Nadu,Regular Patient
C01939,Pranav Bose,Male,51,Lucknow,Uttar Pradesh,Chronic Patient
C01940,Swati Joshi,Female,25,Kolkata,West Bengal,Regular Patient
C01941,Priya Menon,Female,45,Bhopal,Madhya Pradesh,New Patient
C01942,Riya Gupta,Female,38,Kanpur,Uttar Pradesh,Regular Patient
C01943,Tanya Gupta,Female,36,Patna,Bihar,Regular Patient
C01944,Kabir Bose,Male,52,Mysuru,Karnataka,Chronic Patient
C01945,Yash Desai,Male,46,New Delhi,Delhi,Regular Patient
C01946,Swati Das,Female,51,Bengaluru,Karnataka,New Patient
C01947,Harish Khan,Male,59,Nagpur,Maharashtra,Regular Patient
C01948,Rahul Naidu,Male,42,Bhopal,Madhya Pradesh,Regular Patient
C01949,Rekha Sharma,Female,58,Bhubaneswar,Odisha,New Patient
C01950,Manish Khan,Male,34,Coimbatore,Tamil Nadu,Regular Patient
C01951,Radha Banerjee,Female,62,Hyderabad,Telangana,New Patient
C01952,Siddharth Agarwal,Male,35,Lucknow,Uttar Pradesh,New Patient
C01953,Deepa Mehta,Female,27,Indore,Madhya Pradesh,New Patient
C01954,Aryan Bhat,Male,49,New Delhi,Delhi,Premium Patient
C01955,Karthik Ahmed,Male,43,Kanpur,Uttar Pradesh,Regular Patient
C01956,Rajesh Khan,Male,45,Bengaluru,Karnataka,Chronic Patient
C01957,Yash Sharma,Male,25,Chandigarh,Punjab,Regular Patient
C01958,Diya Nair,Female,26,Hyderabad,Telangana,New Patient
C01959,Reyansh Singh,Male,38,Lucknow,Uttar Pradesh,Chronic Patient
C01960,Karthik Malhotra,Male,55,Chandigarh,Punjab,New Patient
C01961,Priya Shah,Female,39,Kolkata,West Bengal,Regular Patient
C01962,Anjali Rao,Female,26,Chennai,Tamil Nadu,Premium Patient
C01963,Myra Kapoor,Female,62,New Delhi,Delhi,New Patient
C01964,Preeti Kumar,Female,26,Lucknow,Uttar Pradesh,Regular Patient
C01965,Priya Mehta,Female,45,Ahmedabad,Gujarat,Chronic Patient
C01966,Myra Naidu,Female,55,Mumbai,Maharashtra,Chronic Patient
C01967,Aanya Nair,Female,37,Surat,Gujarat,Chronic Patient
C01968,Divya Bose,Female,55,Vijayawada,Andhra Pradesh,Regular Patient
C01969,Sai Rao,Male,68,Kolkata,West Bengal,Premium Patient
C01970,Ishaan Kaur,Male,54,Mumbai,Maharashtra,New Patient
C01971,Swati Pillai,Female,42,Hyderabad,Telangana,Regular Patient
C01972,Sunita Desai,Female,45,Ahmedabad,Gujarat,Chronic Patient
C01973,Fatima Gupta,Female,18,Kolkata,West Bengal,Regular Patient
C01974,Aarav Menon,Male,35,Bengaluru,Karnataka,New Patient
C01975,Reyansh Khan,Male,18,Hyderabad,Telangana,Chronic Patient
C01976,Sameer Desai,Male,30,New Delhi,Delhi,Premium Patient
C01977,Priya Sharma,Female,44,New Delhi,Delhi,New Patient
C01978,Saanvi Ahmed,Female,48,Kolkata,West Bengal,New Patient
C01979,Priya Nair,Female,52,Nagpur,Maharashtra,Chronic Patient
C01980,Karthik Agarwal,Male,74,Bhopal,Madhya Pradesh,Premium Patient
C01981,Aanya Desai,Female,21,Bhopal,Madhya Pradesh,New Patient
C01982,Ishaan Iyer,Male,29,Surat,Gujarat,Regular Patient
C01983,Yash Verma,Male,48,Kanpur,Uttar Pradesh,Chronic Patient
C01984,Vihaan Gupta,Male,56,Bhopal,Madhya Pradesh,Premium Patient
C01985,Sai Kaur,Male,33,Howrah,West Bengal,New Patient
C01986,Yash Banerjee,Male,46,Mumbai,Maharashtra,Regular Patient
C01987,Aarav Gupta,Male,49,Gurugram,Haryana,Chronic Patient
C01988,Kabir Joshi,Male,70,New Delhi,Delhi,Chronic Patient
C01989,Sameer Desai,Male,23,Ahmedabad,Gujarat,New Patient
C01990,Nisha Gupta,Female,51,Kanpur,Uttar Pradesh,New Patient
C01991,Aarav Pillai,Male,57,Indore,Madhya Pradesh,Regular Patient
C01992,Aditya Reddy,Male,53,Mumbai,Maharashtra,New Patient
C01993,Kavita Iyer,Female,64,Howrah,West Bengal,Regular Patient
C01994,Preeti Agarwal,Female,26,New Delhi,Delhi,Premium Patient
C01995,Krishna Chatterjee,Male,18,Chennai,Tamil Nadu,Chronic Patient
C01996,Swati Singh,Female,63,Bhopal,Madhya Pradesh,New Patient
C01997,Anjali Patel,Female,38,Mumbai,Maharashtra,Regular Patient
C01998,Vivaan Iyer,Male,42,Indore,Madhya Pradesh,Chronic Patient
C01999,Rahul Desai,Male,44,Chennai,Tamil Nadu,Regular Patient
C02000,Anil Verma,Male,46,Gurugram,Haryana,Regular Patient
